guide id, chr, strand, position, sequence, # mismatches, score, ontarget, gene
24187948, chr9, -1, 63450477, CGGCAGAGCGGGTTCCGCGCCGG, 0, 100.0, True, NM_025857
24187948, chrX, -1, 152057433, TGGCTGTGCTGGTTCCGCGCGGG, 4, 0.89998621988, False, NM_001093750
24187948, chr15, -1, 36426380, GGTCCGAGCGGCTTCCGCGCGGG, 4, 0.717100207469, False, None
24187948, chr12, 1, 32634784, CCGGACGGCGGGTTCCGCGCAGG, 4, 0.55550129717, False, None
24187948, chr3, -1, 96147243, CGGCAGCGCGAGTTCCTCGCTAG, 3, 0.410794144444, False, None
24187948, chr9, 1, 123587524, CGGGACAGCAGGTTCCCCGCCGG, 4, 0.3280006364, False, None
24187948, chr14, -1, 52760670, CAGCAGGGCAGGTTCCGCCCAGG, 4, 0.325301470766, False, None
24187948, chr3, 1, 58496149, CGCCCGAGCGGTTTCCTCGCTGG, 4, 0.290550841703, False, NM_009174
24187948, chr12, -1, 56499781, CGGCGGAGCTGCTTCCGCTCTGG, 4, 0.222051993996, False, NM_011968
24187948, chr5, 1, 140022938, TGGCATCGCGGGTTCCGCTCCGG, 4, 0.217701740757, False, NM_013702
24187948, chr13, 1, 60506799, CAGCAGACCGGGTTCCTCCCTGG, 4, 0.199097782258, False, None
24187948, chr6, 1, 122752049, GCGCAGAGCGGGTTCCGTGGAAG, 4, 0.139315909091, False, None
24187948, chr13, 1, 100894862, TGGCGGAGCGGGCTCCGAGCAGG, 4, 0.124526612903, False, NM_011420
24187948, chr14, 1, 75298758, AGGAAGAGCGGGTTCCCTGCAAG, 4, 0.123883064516, False, None
24187948, chr1, 1, 196765093, CGGAGGAGCGCGTCCCGCGCCGG, 4, 0.120245280612, False, NM_133654
24187948, chr4, -1, 154735214, GGGCAAAGCGGGTTGCGCGGCGG, 4, 0.115248375, False, NM_008860
24187948, chr2, -1, 28661297, AGGCAGAGCTGGTTCCCAGCAGG, 4, 0.114096302419, False, None
24187948, chr3, 1, 30993662, CAGCAGCGCGGGGTACGCGCGAG, 4, 0.108309216631, False, None
24187948, chr14, -1, 56444453, GGGCAGCGCGGATTCCGTGCAAG, 4, 0.108127712903, False, None
24187948, chr7, 1, 36542078, AGGCAGAGCTGGTTCTGCTCAGG, 4, 0.0834591390845, False, None
24187948, chr17, 1, 36368429, CGCCTGAGCGGGTACCGCCCGGG, 4, 0.0745995721154, False, None
24187948, chr10, 1, 127631754, GGGCCGAGCGGGTGGCGCGCCGG, 4, 0.0621212882096, False, NM_001033264
24187948, chr14, 1, 58017334, AAGCAGAGCGGGTCGCGCGCCAG, 4, 0.0621212882096, False, NM_030004
24187948, chr7, 1, 35719513, CGGCAGAGACGGTTCAGCGGCAG, 4, 0.0596627370308, False, None
24187948, chr9, -1, 106073431, CGGCGGTGCGGGCGCCGCGCTGG, 4, 0.0563473457078, False, NM_029896
24187948, chr4, 1, 130707593, CAGCAGAGAGGGTTCAGCCCAGG, 4, 0.0543469717742, False, None
24187948, chr9, 1, 106724492, CGGGAGAGTGGGCGCCGCGCTGG, 4, 0.0512303393112, False, NM_001015507
24187948, chr6, 1, 118758495, CGGCAGAGGGAGTTGCTCGCTGG, 4, 0.0492679019837, False, None
24187948, chr17, -1, 27963750, CCGCAGAGCGGGTTCATCCCCAG, 4, 0.0342448185484, False, None
24187948, chr17, -1, 27767223, CTGCAGAGTGGGTTCAGTGCAGG, 4, 0.0332038411765, False, None
24187948, chr7, 1, 148648085, CGGCAGCGCGGCTTCCGGCCAGG, 4, 0.0311859485886, False, None
24187948, chr7, 1, 34895187, CGGCAGAGCAGGTGCCCCTCCAG, 4, 0.0238107298588, False, NM_207212
24187948, chr14, -1, 119371118, CGGCAGAGCTGCTTCAGGGCCAG, 4, 0.0215101581296, False, None
24187948, chr18, -1, 64691147, CGGCAGAGCGTGTTCCGGAGGGG, 4, 0.0204433088178, False, NM_001001488
24187948, chr12, 1, 107100885, CGGCAGAGCAGGTCCCCGGCCAG, 4, 0.0145813270598, False, None
24187948, chr10, 1, 80655327, CGGCAGAGCAGGGGCTGCGCGAG, 4, 0.012468082756, False, NM_001190474
24187948, chr9, 1, 114277179, CGGCAGAGCGGCTGCCACCCGGG, 4, 0.0123237932612, False, None
24187948, chr14, -1, 37948311, CGGCACAGCGGGATCTGGGCTGG, 4, 0.0118647170316, False, NM_078478
24187948, chr10, -1, 61573796, CGGCAGAGGGGGCCCCGAGCCGG, 4, 0.00987984294669, False, NM_027251
24187947, chr9, -1, 63450488, AGCCATCGCTGCGGCAGAGCGGG, 0, 100.0, True, NM_025857
24187947, chr9, -1, 23238019, GGCCATCCTTGCGGCAGAGCTAG, 3, 1.63277074543, False, None
24187947, chr14, 1, 67854438, AGCCGGCGCAGCGGCAGAGCCGG, 3, 1.38390784314, False, None
24187947, chr12, 1, 16572908, GGCCATCCCTGCTGCAGAGCAGG, 3, 1.15070422535, False, None
24187947, chrX, -1, 98932634, AGCCCTCTCTGCTGCAGAGCAGG, 3, 1.03417721519, False, None
24187947, chr5, 1, 150623212, AGCCATCGCTCCGGGAGAGCTGG, 2, 0.89432278481, False, None
24187947, chr9, 1, 46435433, AGCCATCTCGGCAGCAGAGCTGG, 3, 0.885243529412, False, None
24187947, chr19, 1, 58770826, AGCCTTGGCTGTGGCAGAGCTAG, 3, 0.87581399177, False, None
24187947, chr4, -1, 117540497, CCCCATCTGTGCGGCAGAGCTGG, 4, 0.860350790514, False, NM_008135
24187947, chr16, 1, 16869089, GTCCATCACTGGGGCAGAGCAAG, 4, 0.727282157676, False, NM_016982
24187947, chr16, -1, 17980749, GTCCATCACTGGGGCAGAGCAAG, 4, 0.727282157676, False, NM_016983
24187947, chr16, -1, 29533869, ATTCATCTCTGGGGCAGAGCCAG, 4, 0.70539244898, False, None
24187947, chr9, -1, 29691194, AGTCCTCTCTGTGGCAGAGCAGG, 4, 0.694060843373, False, None
24187947, chr1, -1, 131852214, AGCTGTCACTGGGGCAGAGCAAG, 4, 0.692786561265, False, None
24187947, chr13, 1, 106179733, AAGCATCACTGCGGCAGAGAGGG, 4, 0.687682922535, False, None
24187947, chr7, 1, 121297722, AGCCATCGAGGAGGCAGAGCGGG, 3, 0.656730260674, False, None
24187947, chr2, -1, 113958533, CCCCATCCCTGCCGCAGAGCCAG, 4, 0.581724683544, False, None
24187947, chr6, 1, 122820112, TGCAGTCGCTGCAGCAGAGCAAG, 4, 0.581724683544, False, None
24187947, chr2, 1, 152365785, AGGAATCACTGCAGCAGAGCAGG, 4, 0.554851377551, False, NM_001001444
24187947, chr7, 1, 140894097, AGACGCTGCTGCGGCAGAGCGAG, 4, 0.539579680065, False, NM_009479
24187947, chr18, 1, 50214152, AGCTAAGGCAGCGGCAGAGCAAG, 4, 0.519457563578, False, None
24187947, chr9, 1, 38141472, CACCATGGCTGTGGCAGAGCAGG, 4, 0.496733713693, False, None
24187947, chr12, 1, 37198122, AGACTTAGCTGTGGCAGAGCCAG, 4, 0.474043556024, False, None
24187947, chr2, 1, 122144705, AGTCCTAGCTGCGGCAGAGAGGG, 4, 0.461029603168, False, None
24187947, chr6, -1, 113986297, GGCCATGGCCGAGGCAGAGCAGG, 4, 0.457491750311, False, None
24187947, chr11, -1, 50500308, GGCCAACTCTGAGGCAGAGCTAG, 4, 0.440005705394, False, None
24187947, chr13, 1, 69540511, AACCATCTATGTGGCAGAGCCAG, 4, 0.437114387755, False, None
24187947, chr6, -1, 43969784, AGGCATTGCAGAGGCAGAGCAAG, 4, 0.436594115098, False, None
24187947, chr11, -1, 74538137, AGTGACCGCTGAGGCAGAGCAAG, 4, 0.419906810241, False, None
24187947, chr12, -1, 112673512, CACCATAGCTGCTGCAGAGCGGG, 4, 0.397317958861, False, None
24187947, chr4, 1, 155628681, TGTCATGGCTGCAGCAGAGCAAG, 4, 0.391755507437, False, None
24187947, chr7, -1, 123105872, ACCCCTGGCTGCTGCAGAGCCAG, 4, 0.390723469917, False, None
24187947, chr19, -1, 25328958, AGACATCGCTGAGGAAGAGCAAG, 3, 0.386571252582, False, None
24187947, chr13, 1, 74783029, AGAAATGGCTGCAGCAGAGCCAG, 4, 0.378963490867, False, None
24187947, chr6, -1, 53121179, AGCCTTCACTCAGGCAGAGCGAG, 4, 0.378512159533, False, None
24187947, chr2, 1, 178974288, AGCTATGACTGCAGCAGAGCCGG, 4, 0.378170105422, False, None
24187947, chr15, 1, 4178195, AGACAGCACTGCGGCACAGCTGG, 4, 0.357283047216, False, None
24187947, chr7, 1, 119663725, CTCCATCGCTGGGGCAGAGTAAG, 4, 0.349711363636, False, None
24187947, chr6, -1, 86799548, AGGCGGCGCTGCCGCAGAGCCGG, 4, 0.335685083418, False, NM_001040106
24187947, chrX, 1, 70904150, AGGCACCCCTGCCGCAGAGCCAG, 4, 0.335685083418, False, NM_001199352
24187947, chr13, -1, 48702901, AGCCCTCAGTGCTGCAGAGCGGG, 4, 0.332955755929, False, None
24187947, chr16, 1, 5588396, AGCCATGCCAGCTGCAGAGCTGG, 4, 0.332281119181, False, None
24187947, chr18, -1, 16932931, AGGCATCTCTGTGGCAGAGGGAG, 4, 0.332103315899, False, NM_007664
24187947, chrX, 1, 23380092, AGGCCTCGCTGGGGCAGAGGTAG, 4, 0.332103315899, False, None
24187947, chr1, -1, 137731015, GGCCACCGCAGCAGCAGAGCAGG, 4, 0.324139902294, False, None
24187947, chr2, -1, 17987233, TGACAACGCTGCGGCAGACCGGG, 4, 0.314280990317, False, None
24187947, chr5, 1, 114813155, AGCCCATGCTACGGCAGAGCCAG, 4, 0.313028173491, False, NM_001164573
24187947, chr1, 1, 186791709, AGCCAACGCTGCTGCAGAGACAG, 3, 0.30763708209, False, None
24187947, chr9, -1, 118117118, AGGGATCACTGCGGCAGGGCAGG, 4, 0.305988666667, False, None
24187947, chr5, 1, 135857639, GGCCAGAGCTGGGGCAGAGCTAG, 4, 0.300523896784, False, NM_148932
24187947, chr12, 1, 84899561, ACCCACAGCTGAGGCAGAGCGAG, 4, 0.295617384184, False, NM_183154
24187947, chr9, 1, 61465307, AGCTAGGGCTGGGGCAGAGCTGG, 4, 0.286269798913, False, None
24187947, chr6, -1, 86354395, GGCTATGGCTGCGGAAGAGCCGG, 4, 0.28475731441, False, NM_011585
24187947, chr5, -1, 4916603, AGCCGTGGGTGAGGCAGAGCAAG, 4, 0.284609089786, False, None
24187947, chr11, 1, 53944976, TGGCATGGCTGCGGTAGAGCCAG, 4, 0.280770712009, False, NM_011031
24187947, chr1, 1, 52748457, AGCCATCACTGCTGAAGAGCCAG, 3, 0.270316049383, False, None
24187947, chr15, 1, 80078788, AGCCATCCCTGCTGGAGAGCAGG, 3, 0.270316049383, False, NM_178719
24187947, chr4, -1, 30514223, AGCCATCACCTCTGCAGAGCAAG, 4, 0.265933210967, False, None
24187947, chrX, 1, 70237586, AGCCTTTGCTCTGGCAGAGCCAG, 4, 0.258523804961, False, NR_035517
24187947, chr17, -1, 27482502, AGCCAGGGCAGGGGCAGAGCAGG, 4, 0.25557312128, False, None
24187947, chr5, 1, 23849728, AGCCACAGCAGGGGCAGAGCAGG, 4, 0.25557312128, False, None
24187947, chr18, -1, 13131546, AGCTAGTGCTGCGGCAAAGCTAG, 4, 0.243240428514, False, None
24187947, chr11, 1, 94694017, AGCCCTCAATGCGGGAGAGCAGG, 4, 0.238102959184, False, None
24187947, chr2, 1, 27066260, AGCCATAACCGCGGAAGAGCTGG, 4, 0.237382926581, False, None
24187947, chr6, 1, 112351320, AGCAATCACTGCAGCATAGCAGG, 4, 0.227808878755, False, None
24187947, chr4, 1, 131523831, AGCAATGGCTGGGGCAGAGGTGG, 4, 0.225883475226, False, NM_001128607
24187947, chr5, -1, 25005503, AGCCACCGCCGCGTCAGAGCGGG, 3, 0.221863200422, False, None
24187947, chr7, 1, 107466291, AGCCAGACCTGCAGCAGAGCAAG, 4, 0.221670955375, False, None
24187947, chr2, -1, 27625409, AGCCAGCGTGGCGGCAGAGTCAG, 4, 0.220857250248, False, None
24187947, chr18, -1, 77470752, AGCCATCACGGAGGCAGAACCAG, 4, 0.210995463174, False, None
24187947, chr1, 1, 4245835, AGCCACCCCTGAGGCAGAGAAGG, 4, 0.19309717631, False, None
24187947, chr5, -1, 137295352, AGCCCTCCCTGCTGCAGAACCAG, 4, 0.189644787118, False, None
24187947, chr5, -1, 38592115, AGCCACCGGAGCTGCAGAGCCAG, 4, 0.182637069383, False, NM_029162
24187947, chr2, 1, 180276741, AGCCATTTCTGTAGCAGAGCAGG, 4, 0.177505223276, False, None
24187947, chr17, 1, 31271776, AGCCATTGCAGGGGCACAGCGAG, 4, 0.173258661439, False, None
24187947, chr7, 1, 123451384, CGCCAAGGCTGCGGGAGAGCAAG, 4, 0.172278175218, False, None
24187947, chr15, 1, 82106130, AGCCTCCGCTGGGGCACAGCAGG, 4, 0.17226130538, False, None
24187947, chr18, -1, 25774414, AGCCACTGTTGGGGCAGAGCAGG, 4, 0.169549595116, False, None
24187947, chr2, -1, 28438478, AGGCATGGCGGCGGCGGAGCCGG, 4, 0.163111524839, False, NM_148928
24187947, chr2, -1, 69083836, AGCTATAGCTGCCGCAAAGCAGG, 4, 0.15559346419, False, NM_021022
24187947, chr8, 1, 3434953, AGCTATTGCTGCAGCAAAGCAAG, 4, 0.15559346419, False, NM_133962
24187947, chr1, 1, 94768314, AGCCAGCTCTGCTGCAGAGAGAG, 4, 0.151887413073, False, NM_172850
24187947, chr17, -1, 29330996, AGCCAGCCCTGCTGCAGAGAAAG, 4, 0.151887413073, False, None
24187947, chr11, 1, 57875201, AGCCATGGTTACGGCAGAGGCAG, 4, 0.147669193853, False, NM_028451
24187947, chr19, -1, 41380647, AGCCTTCCCTGTGGCAGGGCCAG, 4, 0.147441630901, False, None
24187947, chr19, -1, 41380668, AGCCTTCCCTGTGGCAGGGCCAG, 4, 0.147441630901, False, None
24187947, chr19, -1, 41380689, AGCCTTCCCTGTGGCAGGGCCAG, 4, 0.147441630901, False, None
24187947, chr7, 1, 53138394, AGCCTTCTCTGAGGCAGGGCAGG, 4, 0.147441630901, False, NM_133950
24187947, chr5, 1, 142800655, AGTCAACGCTGCAGCAAAGCAAG, 4, 0.138268539273, False, None
24187947, chr17, -1, 45801866, TGCCCTCGCTGGGGCTGAGCAGG, 4, 0.133988, False, NM_198167
24187947, chrX, 1, 132423641, AGCCAGAGCTGTGGCAGAGAGGG, 4, 0.13188537142, False, NM_001098222
24187947, chr17, 1, 77243165, AGCCATAGGTGTGGCAGAGTGAG, 4, 0.130906744821, False, None
24187947, chr12, -1, 36456277, AGACATCGCTGAAGCAGAGACAG, 4, 0.128523983253, False, None
24187947, chr12, -1, 36498088, AGACATCGCTGAAGCAGAGACAG, 4, 0.128523983253, False, None
24187947, chr11, 1, 97808509, AGCCATGCCTGTGGGAGAGCAGG, 4, 0.12681042332, False, None
24187947, chr5, 1, 137463551, AGCCATGGCTGCGGCAGGCCCGG, 3, 0.125383408451, False, NM_027318
24187947, chr2, -1, 44865797, AGCCATCTCTACTGCACAGCAAG, 4, 0.118309659262, False, None
24187947, chr9, -1, 72510258, AGGCGTCGCTGCGGCGGAGGAGG, 4, 0.116101159217, False, NM_010890
24187947, chr6, -1, 94554751, GGCCATCACTGTGCCAGAGCAAG, 4, 0.112085729614, False, NM_008377
24187947, chr4, -1, 136547323, AGCTATCACTGTGCCAGAGCAGG, 4, 0.106595816327, False, NM_198248
24187947, chr5, 1, 143412894, GGCCATCGCTGGGGAAGAGAGGG, 4, 0.0937226454545, False, None
24187947, chr8, -1, 97836839, GGCCATCGCTGGGGAAGAGAGGG, 4, 0.0937226454545, False, NM_199455
24187947, chrX, -1, 70926283, TGCCATCGCTGTGGGAGAGGAGG, 4, 0.0937226454545, False, NM_001142810
24187947, chr7, 1, 56617943, AGCCATCCCAGGGCCAGAGCGGG, 4, 0.0921563715517, False, None
24187947, chr4, 1, 129012471, AGCCATGGCGGCAGGAGAGCCGG, 4, 0.0918671925869, False, NM_009030
24187947, chr3, 1, 156225116, AGCCGACGCTGCCGGAGAGCGAG, 4, 0.0912409760204, False, NM_177274
24187947, chr19, -1, 31845818, AGCAACTGCTGCGTCAGAGCAGG, 4, 0.0895264029337, False, None
24187947, chr8, 1, 108241319, AGCCGTAGCTGGGGCTGAGCAGG, 4, 0.0854381987552, False, NM_027469
24187947, chr11, -1, 62478298, AGGAATCGCTGCCCCAGAGCTAG, 4, 0.0840450188278, False, NM_175002
24187947, chr19, -1, 10790390, AGCAATCCCTGCCTCAGAGCTGG, 4, 0.0838467091837, False, None
24187947, chr12, -1, 85791870, AGCCATGGCGGCGGCAGTGGCGG, 4, 0.078608844451, False, NM_134042
24187947, chr9, -1, 57468830, AGCCAGGGCTGGGGAAGAGCAGG, 4, 0.0779527608253, False, None
24187947, chr16, -1, 88036617, AGCAATCGCGGCATCAGAGCAGG, 4, 0.0772228191582, False, None
24187947, chr1, 1, 119168002, AGCTATTGCTGAGACAGAGCAAG, 4, 0.072804942551, False, None
24187947, chr10, -1, 30961301, AGTCATTGCTGCTGCTGAGCAAG, 4, 0.0685387189062, False, None
24187947, chr14, -1, 8651518, GGCCAGCGCTGAGCCAGAGCTAG, 4, 0.0678118664163, False, None
24187947, chr2, -1, 27585322, AGCCATCCCTGCAGTAGAGAAAG, 4, 0.0650112237342, False, None
24187947, chr8, 1, 125203907, AGCCATGGCTGCTGCACAGGGAG, 4, 0.0648824745672, False, None
24187947, chr4, -1, 124571997, AGCCAGCGCAGCCGCAGCGCCAG, 4, 0.0635314208497, False, NM_001256432
24187947, chr17, -1, 83598696, AGCCATGGCTGAGGCACATCTGG, 4, 0.0612581132991, False, None
24187947, chr16, -1, 17807713, TGCCTTCGCTGCGGCCGCGCGGG, 4, 0.0553451612903, False, NM_153790
24187947, chr14, -1, 55244146, AGCCATCCCTGAGGCTGAGTGAG, 4, 0.0530439835443, False, NM_175204
24187947, chr9, 1, 104082934, AGCCATAGCAGCTTCAGAGCTGG, 4, 0.050280468653, False, None
24187947, chr9, 1, 43569594, AGCCACCCCTGCCCCAGAGCTGG, 4, 0.0491232350543, False, None
24187947, chr1, 1, 138762155, AGCCATCCCTGCTGCAGTGTGAG, 4, 0.0475455218354, False, None
24187947, chr9, -1, 44041277, ATCCATCGCTGCTGCTGAGATAG, 4, 0.0464248742958, False, None
24187947, chr1, -1, 74064887, AGCCATGGCTGCTGGAGAGGAGG, 4, 0.0451649433351, False, None
24187947, chr11, 1, 52152114, AGCCATGGCTGCTGGAGAGAGAG, 4, 0.0451649433351, False, None
24187947, chr6, 1, 128414724, AGCCATGGCTGTGGCAGTGGCAG, 4, 0.0419929983386, False, None
24187947, chr9, 1, 97932772, AGCCCGCGCTGCGGAGGAGCAGG, 4, 0.0412245995851, False, None
24187947, chr3, -1, 29505726, AGCCATGGCTGCTGTAAAGCTAG, 4, 0.0396566460321, False, None
24187947, chr9, -1, 21621804, AGCCAACGCTCCTGCAGCGCTGG, 4, 0.0382844067009, False, NM_177030
24187947, chr3, -1, 134927573, CGCCATAGCTGCGGCTGGGCTGG, 4, 0.0378007451613, False, None
24187947, chr2, -1, 5305531, AGCCATCGCAGCAGCCGAGAGAG, 4, 0.0371726810826, False, None
24187947, chr2, -1, 168077451, AGCCATTGCTGAGGCTGAGGTGG, 4, 0.0368509985421, False, None
24187947, chr17, -1, 80186123, AGCCATGGCTCCGTCAGAGTGAG, 4, 0.036010981807, False, None
24187947, chr4, 1, 112995533, AGCCATGGCTACGGCAGGACCAG, 4, 0.0351792712737, False, None
24187947, chr5, 1, 149113164, AGCCATTGCTGCTGCAGGGAGGG, 4, 0.0330310779615, False, NM_029920
24187947, chr10, 1, 94436168, AGCCATCCCTGCGGGAGGGGGGG, 4, 0.0329255810127, False, None
24187947, chr15, -1, 40996641, AGCCATCACTGCGGAAGGGGTGG, 4, 0.0329255810127, False, None
24187947, chr9, -1, 117451841, AGCCATGGCTTCCACAGAGCAGG, 4, 0.0302993052144, False, None
24187947, chr2, 1, 115454239, AGCCAACGCTGCAGGAGATCTGG, 4, 0.0302211258557, False, None
24187947, chr11, -1, 61971464, AGCCATCACTGCGGATGAGGGGG, 4, 0.0288938772152, False, None
24187947, chr2, 1, 138941306, AGGCATCGCTGCGGAAGCCCGAG, 4, 0.0262991028462, False, None
24187947, chr12, 1, 84881865, AGCCACCGCTGTGCCACAGCCAG, 4, 0.0252409272899, False, None
24187947, chr8, 1, 126301401, AGCCAGCGCTGGGACACAGCAGG, 4, 0.0252409272899, False, None
24187947, chr18, -1, 66404487, AGCCATAGCTGCATCAGAGACAG, 4, 0.025110360287, False, None
24187947, chr13, -1, 18269776, AGCCATCTCTGCAATAGAGCAGG, 4, 0.0214216923152, False, None
24187947, chr10, -1, 19868551, AGCCACCGCCGCGCCCGAGCGAG, 4, 0.0207643580403, False, None
24187947, chr11, -1, 120043772, AGCCATCTCTGCCCCAGGGCCAG, 4, 0.016433955, False, None
24187947, chr18, -1, 35701512, AGCCAACGGTGCGACTGAGCTAG, 4, 0.0137752690148, False, None
24187947, chr14, -1, 55538076, AGCCATCGGTGAGACAGGGCGGG, 4, 0.0125604204904, False, NM_010112
24187947, chr16, -1, 11794075, AGCCATCGCTATGACAGTGCTGG, 4, 0.011054069107, False, None
24187947, chr1, -1, 189813278, AGCCATCGCTGCGACCCAGACAG, 4, 0.00561598404741, False, None
24187946, chr9, -1, 63450489, CAGCCATCGCTGCGGCAGAGCGG, 0, 100.0, True, NM_025857
24187946, chr13, 1, 106179732, CAAGCATCACTGCGGCAGAGAGG, 3, 1.53232583668, False, None
24187946, chr2, 1, 122144704, GAGTCCTAGCTGCGGCAGAGAGG, 4, 0.838642996109, False, None
24187946, chr6, 1, 4435005, CAGAGCTTGCTGCGGCAGAGAAG, 4, 0.801231412639, False, None
24187946, chr11, 1, 106082108, CAGACATTGTTGAGGCAGAGTAG, 4, 0.509948268072, False, None
24187946, chr3, 1, 32810296, CAGCATTTTCTGCGGCAGAGAAG, 4, 0.489552393123, False, None
24187946, chr2, -1, 17987234, CTGACAACGCTGCGGCAGACCGG, 4, 0.476356426056, False, None
24187946, chr7, 1, 121297721, CAGCCATCGAGGAGGCAGAGCGG, 3, 0.469228803371, False, None
24187946, chr18, 1, 14739664, CAGTTATCGCTGCAGCAGAGCAG, 3, 0.419407407407, False, None
24187946, chr1, 1, 4245834, CAGCCACCCCTGAGGCAGAGAAG, 3, 0.410776772289, False, None
24187946, chr15, 1, 80516450, CATCCAGTGCTGCGGCGGAGGGG, 4, 0.403345985535, False, None
24187946, chrX, 1, 132423640, AAGCCAGAGCTGTGGCAGAGAGG, 4, 0.397317958861, False, NM_001098222
24187946, chr9, 1, 49380475, CAGACAGGGCTGGGGCAGAGGAG, 4, 0.378170105422, False, None
24187946, chr9, -1, 72510259, GAGGCGTCGCTGCGGCGGAGGAG, 4, 0.375472992081, False, NM_010890
24187946, chr5, -1, 114980668, CTCCCATCTCTGAGGCAGAGAGG, 4, 0.344640983247, False, None
24187946, chr11, -1, 45080024, CAGGCATTGCTCCGGCAGACAAG, 4, 0.330722511312, False, None
24187946, chr5, 1, 36677383, CAGACATCTGTGAGGCAGAGAGG, 4, 0.311578391792, False, None
24187946, chr17, 1, 36025607, CAGTCATGGCAGAGGCAGAGAGG, 4, 0.307297816265, False, None
24187946, chr10, -1, 79748650, CAGCAATGGCAGAGGCAGAGGAG, 4, 0.302439352767, False, None
24187946, chr2, -1, 177999792, CAGACATCGGGGAGGCAGAGTGG, 4, 0.28302128878, False, None
24187946, chr16, 1, 77405775, CAGCCTGTGCTTCGGCAGAGTGG, 4, 0.27749524569, False, None
24187946, chr5, -1, 25005504, CAGCCACCGCCGCGTCAGAGCGG, 3, 0.271476649789, False, None
24187946, chr14, -1, 33710277, CAGCAATGGCTGGGGCAGAACAG, 4, 0.25551675, False, None
24187946, chr13, -1, 96865185, CGGCCATCGTTGAGGCAGAATAG, 4, 0.24858900713, False, None
24187946, chr15, -1, 79154391, GAGCCAGCTCTGGGGCAGAGCAG, 4, 0.242761272864, False, None
24187946, chr10, -1, 118205274, CAGGCAGCTCTGTGGCAGAGCAG, 4, 0.231061934413, False, None
24187946, chr11, 1, 60055996, CAGACAACCCTGGGGCAGAGGAG, 4, 0.231061934413, False, None
24187946, chr2, -1, 172326387, CAGTCATGGCTGTGGCTGAGCAG, 4, 0.227808878755, False, None
24187946, chr9, 1, 48541530, CAGCTACCCCTGTGGCAGAGGAG, 4, 0.227408781299, False, None
24187946, chr18, 1, 42555482, CGTCCATCGCCGCGCCAGAGAAG, 4, 0.224235125536, False, NM_138945
24187946, chr1, 1, 36161521, CAGCCCCAGCTGTGGCAGAGAAG, 4, 0.221670955375, False, NM_015818
24187946, chr10, 1, 25238678, CAGCCACTCCTGAGGCAGAGAAG, 4, 0.220438397198, False, None
24187946, chr12, -1, 33757109, CAGCCAGGACTGGGGCAGAGAGG, 4, 0.220438397198, False, None
24187946, chr7, 1, 29678777, CAGCCACTCCTGAGGCAGAGAAG, 4, 0.220438397198, False, NM_021895
24187946, chrX, -1, 70926284, CTGCCATCGCTGTGGGAGAGGAG, 3, 0.209737313433, False, NM_001142810
24187946, chr11, 1, 64971557, CAGGCTGCGCTGCGGCAGCGAGG, 4, 0.20609098125, False, None
24187946, chr4, 1, 107243867, CAGCCAGCCGTGGGGCAGAGGGG, 4, 0.20302376382, False, None
24187946, chr13, -1, 19245410, CATCCATAGATGCTGCAGAGAGG, 4, 0.200014114575, False, None
24187946, chr17, -1, 80315774, CACCCATAGGTGCAGCAGAGGAG, 4, 0.200014114575, False, None
24187946, chr10, 1, 5201612, CAGCCCTTCCTGAGGCAGAGTAG, 4, 0.198303006931, False, None
24187946, chr17, -1, 10535544, TGGCCATCCCTGCGGCACAGCGG, 4, 0.196604032258, False, None
24187946, chr13, -1, 110852076, CAGCCATCACAGCGGCAAAGCAG, 3, 0.182226121212, False, None
24187946, chr2, -1, 129961962, CAACCATCCCTTGGGCAGAGGAG, 4, 0.166794982308, False, None
24187946, chr11, 1, 85209367, GAGCCTTCGCTGTGGCAGAAAGG, 4, 0.16642209375, False, None
24187946, chr4, -1, 133663810, CCGCCATCTCTGAGGCAGAATGG, 4, 0.164916268574, False, None
24187946, chr4, 1, 62624923, CAGCCTTAGCTTGGGCAGAGGAG, 4, 0.159680981031, False, None
24187946, chr14, -1, 60918295, CATCCATCTCTGAGGCAGACAGG, 4, 0.159610068633, False, None
24187946, chr4, 1, 141777713, CAGGCCTCGCTGAGGCAGACAGG, 4, 0.157385599972, False, None
24187946, chr7, 1, 20350035, CTGCCATCGCCCTGGCAGAGCAG, 4, 0.156209298237, False, NM_020486
24187946, chr9, 1, 113777789, GAGCCAGGGCTGCAGCAGAGAGG, 4, 0.155598685622, False, NM_001081960
24187946, chr18, -1, 65464323, CAGCAATGGCTGGGTCAGAGGAG, 4, 0.150811530612, False, NM_001037294
24187946, chrX, -1, 98932635, CAGCCCTCTCTGCTGCAGAGCAG, 3, 0.147186118847, False, None
24187946, chr17, -1, 45801867, CTGCCCTCGCTGGGGCTGAGCAG, 4, 0.14272479375, False, NM_198167
24187946, chr19, -1, 6906512, GAGCCAGCGCTGGGGCAGGGCAG, 4, 0.139257146567, False, NM_019924
24187946, chr12, 1, 16572907, GGGCCATCCCTGCTGCAGAGCAG, 4, 0.139195895923, False, None
24187946, chr2, 1, 59190072, CAGACATCCCTGAGGCTGAGCAG, 4, 0.13919122492, False, None
24187946, chr1, -1, 133959171, CTGTCATCTCTGCTGCAGAGAGG, 4, 0.136846598101, False, None
24187946, chr7, 1, 103339410, CAGCCCACACTGGGGCAGAGGGG, 4, 0.135440953734, False, None
24187946, chr8, 1, 108241318, CAGCCGTAGCTGGGGCTGAGCAG, 4, 0.133249288771, False, NM_027469
24187946, chr10, -1, 77636535, CACACTTCGCTGCTGCAGAGGAG, 4, 0.131388207728, False, NM_029546
24187946, chr8, -1, 70834243, CAGGCCTGGCTGCAGCAGAGCAG, 4, 0.131078188776, False, None
24187946, chr11, 1, 16262935, CAGCCATAACTGAGGCTGAGCAG, 4, 0.130247210467, False, None
24187946, chr15, 1, 78939497, CAGCCCTAGCCGCGCCAGAGCGG, 4, 0.128747462349, False, NM_177461
24187946, chr14, -1, 121787222, CTGCCATCTTTGCTGCAGAGCAG, 4, 0.126035716851, False, None
24187946, chr15, -1, 36007356, CAGCTATAGCTGAGGCAAAGGAG, 4, 0.115975429185, False, None
24187946, chr1, 1, 191992638, CAGCCTTCCCCGAGGCAGAGAAG, 4, 0.110058168847, False, None
24187946, chr4, -1, 20633072, CAGCCTTCCCAGTGGCAGAGAAG, 4, 0.110058168847, False, None
24187946, chr2, -1, 29484081, CAGCCACCTCTCGGGCAGAGGGG, 4, 0.108455691422, False, None
24187946, chr5, 1, 143412893, GGGCCATCGCTGGGGAAGAGAGG, 4, 0.105393, False, None
24187946, chr8, -1, 97836840, GGGCCATCGCTGGGGAAGAGAGG, 4, 0.105393, False, NM_199455
24187946, chr1, -1, 191727197, CTGCCATAGCTGCTGCAGAACAG, 4, 0.103919630282, False, None
24187946, chr4, -1, 94759236, CAGCCACCCCTGAGGCAGACAAG, 4, 0.102969329768, False, None
24187946, chr9, -1, 45412457, CAGCCAGCACTGTGGCAGAAAGG, 4, 0.102969329768, False, None
24187946, chr3, 1, 143044358, CAGCCACCGCTGTAGCAGAGAGG, 3, 0.102646467901, False, None
24187946, chr14, -1, 25975896, CAGCAATCACAGCGGCAAAGCAG, 4, 0.10162234603, False, None
24187946, chr2, 1, 27224388, CAGCCAAGGCTGGGCCAGAGTGG, 4, 0.0997472232213, False, None
24187946, chr12, 1, 119452890, CAGACATCTCTGTGCCAGAGAAG, 4, 0.0936752368257, False, None
24187946, chr1, 1, 77148718, CACCCACCCCTGCCGCAGAGTAG, 4, 0.0906281109615, False, None
24187946, chr14, -1, 86793320, CATCCAGCTCTGCTGCAGAGTAG, 4, 0.0906281109615, False, None
24187946, chr11, 1, 94694016, CAGCCCTCAATGCGGGAGAGCAG, 4, 0.085147803776, False, None
24187946, chr2, 1, 35021194, CAGGCAACGCAGCAGCAGAGAAG, 4, 0.0821275266582, False, NM_030000
24187946, chr5, 1, 149113163, GAGCCATTGCTGCTGCAGGGAGG, 4, 0.0785004401408, False, NM_029920
24187946, chr11, -1, 78800657, CAGCCAGGGCTGGGGCACAGGAG, 4, 0.0765818001037, False, None
24187946, chr15, -1, 101761290, CAGCCATCGCAGAAGCAGAGCAG, 3, 0.0759121516854, False, NM_146063
24187946, chr1, -1, 182571778, CAGCAGTCGCTCCGGGAGAGCAG, 4, 0.0756809813278, False, None
24187946, chr11, 1, 99179013, CAGTGATCGCTGCTGCAGGGAAG, 4, 0.07431375, False, None
24187946, chr13, -1, 48702902, CAGCCCTCAGTGCTGCAGAGCGG, 4, 0.071429372572, False, None
24187946, chr2, -1, 121127667, CAGCCACCGATGTGGCAAAGGAG, 4, 0.0705318378955, False, NM_032393
24187946, chr7, 1, 53138393, CAGCCTTCTCTGAGGCAGGGCAG, 4, 0.0688996563352, False, NM_133950
24187946, chr10, 1, 60986762, GAGCCATCTCTTCTGCAGAGAAG, 4, 0.068484380794, False, None
24187946, chr11, -1, 75306559, CAGCCATCGCTCTAGCAGAGGGG, 3, 0.0658160835165, False, NM_138659
24187946, chr11, -1, 61971465, AAGCCATCACTGCGGATGAGGGG, 4, 0.0652218308824, False, None
24187946, chr7, -1, 150291493, CAGCCAGTGCTGTGGGAGAGTGG, 4, 0.0650452581325, False, None
24187946, chr7, 1, 106854019, AAGCCATCACTGCAGCAGACAGG, 4, 0.0647101073864, False, None
24187946, chr13, -1, 74356079, CAGCCTTGGCTACAGCAGAGAGG, 4, 0.0624512445652, False, None
24187946, chr16, 1, 56818569, CAACCATCTCTGAGGAAGAGGAG, 4, 0.0613135538092, False, None
24187946, chr9, 1, 49318128, CATCCATCCCTGGGGTAGAGTAG, 4, 0.0613135538092, False, NM_001081445
24187946, chr8, 1, 73114600, CAGCCATCTCGTCGTCAGAGCAG, 4, 0.0610307147069, False, NM_007924
24187946, chr9, 1, 108010376, CAACCCTCGCTGCAGCAGACTGG, 4, 0.0608484825441, False, NM_007567
24187946, chr6, -1, 17458608, CAGCATTCGCTGAGGGAGAGGGG, 4, 0.0595295523859, False, None
24187946, chr5, 1, 151325238, CAGCTACCGCTGCGGGAGCGGAG, 4, 0.0575677287118, False, NM_001081001
24187946, chr11, 1, 97808508, CAGCCATGCCTGTGGGAGAGCAG, 4, 0.0572683900198, False, None
24187946, chr12, -1, 17644494, CAGCCATCTCTGGGGCTGAATGG, 4, 0.0561160108067, False, None
24187946, chr10, 1, 94436167, TAGCCATCCCTGCGGGAGGGGGG, 4, 0.0553675721831, False, None
24187946, chr2, -1, 30656814, CTGCCGTCGCTGCAGCCGAGCAG, 4, 0.0549508895833, False, NM_198000
24187946, chr13, 1, 57363564, CAGCCAGGGCTGACGCAGAGCAG, 4, 0.0545933427286, False, None
24187946, chr15, -1, 101567159, CAGCCATCGCTGATGCCGAGCAG, 3, 0.0538703505747, False, NM_019956
24187946, chr15, -1, 101828465, CAGCCATCGCTGATGCTGAGCAG, 3, 0.0538703505747, False, NM_031170
24187946, chr4, 1, 153242149, CAGCCACAGCTGCGTCACAGCAG, 4, 0.0530333912863, False, None
24187946, chr8, -1, 29693080, CAGACATCACTGAAGCAGAGCAG, 4, 0.0512303393112, False, None
24187946, chr17, 1, 67615645, CTGCCATCGCTCTGGAAGAGCAG, 4, 0.050947620524, False, None
24187946, chr3, -1, 82838081, CAGCCATTACTGCTGCGGAGAGG, 4, 0.0501468588102, False, None
24187946, chr14, -1, 35951428, CAGCCACCGCTAAGCCAGAGCAG, 4, 0.0490756338249, False, None
24187946, chr4, -1, 99586359, CAGCCACCACAGCAGCAGAGCAG, 4, 0.0478368875607, False, None
24187946, chr7, 1, 109746896, CACCCATAGCTGCTGCAAAGTGG, 4, 0.0455923113333, False, None
24187946, chr17, -1, 29046606, CAGCCCTCCCTCCGGGAGAGGGG, 4, 0.0454861231898, False, NM_172450
24187946, chr6, 1, 124388324, CAGGCCTCGCTGCTGCAGGGAAG, 4, 0.04495981875, False, NM_153508
24187946, chr15, 1, 80078787, CAGCCATCCCTGCTGGAGAGCAG, 3, 0.0408114474623, False, NM_178719
24187946, chr1, -1, 74064888, GAGCCATGGCTGCTGGAGAGGAG, 4, 0.0405776666667, False, None
24187946, chr9, -1, 112207878, AAGCCATGGCTGCTGGAGAGCAG, 4, 0.0405776666667, False, None
24187946, chr15, -1, 84797862, CCGCCATCGCTGATGCAGAATGG, 4, 0.040216896919, False, None
24187946, chr3, 1, 67294395, CAGCCAGCCCTGGGGAAGAGGGG, 4, 0.039742652719, False, None
24187946, chr15, 1, 6803334, CAGCCATTGCTTGAGCAGAGAAG, 4, 0.038723687069, False, None
24187946, chr13, -1, 118598782, CAGCCATCCCAGTGGCACAGAAG, 4, 0.0368007572846, False, NM_010408
24187946, chr7, 1, 103901351, CACCCATCTCTGCCTCAGAGAAG, 4, 0.0361614398551, False, None
24187946, chr2, 1, 178989076, CAGCCATCTCAGCGGTAGACTGG, 4, 0.0359531151489, False, None
24187946, chr13, -1, 9658420, CAGCCTTCTCTGGGGAAGAGAAG, 4, 0.0357787188505, False, NM_001081426
24187946, chr6, -1, 90981765, CAGCCCTCACTGAGGGAGAGCAG, 4, 0.0357787188505, False, NM_018815
24187946, chr13, -1, 36271710, CAGCCTTCTCTGCAGCAGACTAG, 4, 0.0357304346221, False, None
24187946, chr3, -1, 88139501, CAGACATCGTTGCAGAAGAGGGG, 4, 0.0354797762658, False, None
24187946, chr15, -1, 101779033, CGGCCATCGCTGATGCTGAGCAG, 4, 0.03515040375, False, NM_212487
24187946, chr7, 1, 24143143, CGGCCATCGCTGATGCTGAGCAG, 4, 0.03515040375, False, None
24187946, chr4, 1, 36072102, CAGCCCTTGCTGCCACAGAGGAG, 4, 0.0345646340361, False, None
24187946, chr8, 1, 105817216, CAGCCCTAGCTGCAACAGAGGAG, 4, 0.0345646340361, False, None
24187946, chr6, 1, 53106381, CAGCCACCACTGATGCAGAGGAG, 4, 0.0333565324072, False, None
24187946, chr5, 1, 17797795, CAGCCATTGTTGCCGAAGAGAAG, 4, 0.0332359959486, False, None
24187946, chr11, -1, 8711250, CTGCCATCGCTGCTGCAGGCAGG, 4, 0.0327346835387, False, None
24187946, chr15, -1, 101626388, CAGCCATTGCTGATGCTGAGCAG, 4, 0.0317624130271, False, NM_212485
24187946, chr11, -1, 95693091, CAGCCAGCGCAGCGGTAGTGTAG, 4, 0.0308716054035, False, NM_153104
24187946, chr15, 1, 101832390, CAGCCATAGCTGCGGAGGGGGAG, 4, 0.0308345461618, False, None
24187946, chr7, -1, 151902847, CAGCCATCAGTGCCCCAGAGTAG, 4, 0.0306715884733, False, None
24187946, chr4, 1, 52285616, GAGCCATCTCTGCAGCAAAGCAG, 4, 0.0292940008065, False, None
24187946, chr14, 1, 22947145, CAGCCATCACTGAGTCAGTGTGG, 4, 0.0290259412393, False, None
24187946, chr10, -1, 38877111, CCGCCATCCCTGCTGCACAGAGG, 4, 0.0287637926471, False, None
24187946, chr5, -1, 32164128, CAGCCATCACTCAGGGAGAGTGG, 4, 0.0277375101794, False, None
24187946, chr8, -1, 121703888, CAGCCATTGCTCCTACAGAGTAG, 4, 0.0272337793774, False, None
24187946, chr9, -1, 117451842, CAGCCATGGCTTCCACAGAGCAG, 4, 0.0272337793774, False, None
24187946, chr7, -1, 56511788, CAGCCATGGCAGCGGGAAAGGAG, 4, 0.0272061, False, None
24187946, chr6, 1, 144464562, CAGACATCGCTGCCACAGAAGAG, 4, 0.0268422994344, False, None
24187946, chr11, -1, 54138798, CAGCCATTGCTGCCGCCGGGAAG, 4, 0.0267113219658, False, None
24187946, chr9, -1, 30891005, CAGCCATTCCTGCTGCACAGGAG, 4, 0.025946115, False, None
24187946, chr3, -1, 109362446, CAGCCATGGCTGAGTAAGAGAAG, 4, 0.0251193592885, False, None
24187946, chr12, -1, 72555772, GAGCCATCTCTGCTGTAGAGAGG, 4, 0.0247929543333, False, None
24187946, chr19, -1, 5092153, TAGCCATCACTGCCGAAGAGCAG, 4, 0.0247929543333, False, NM_026553
24187946, chr5, -1, 118937395, CAGCCTTAGCTGCTGGAGAGAGG, 4, 0.0225454484694, False, None
24187946, chr9, 1, 49318080, CAGCCATCCCTGGGGTGGAGTAG, 4, 0.0220483301576, False, NM_001081445
24187946, chr15, 1, 85075415, CAGCCATTGCTCCTGCACAGGGG, 4, 0.02089278, False, None
24187946, chr8, 1, 126301400, CAGCCAGCGCTGGGACACAGCAG, 4, 0.0205239224278, False, None
24187946, chr9, -1, 107654453, CAGCCATTGCTGCTGCTCAGTGG, 4, 0.016349025, False, NM_148930
24187946, chr4, -1, 118352810, CAGCCTACGCTGCAGTAGAGGAG, 4, 0.0153985413046, False, None
24187946, chr3, 1, 22343861, CAGCCATCCCTGAGCAAGAGGGG, 4, 0.0151090502603, False, None
24187946, chr9, -1, 72380610, CTGCCATCGCTGCTGGAGGGGAG, 4, 0.0132531895161, False, NM_001033536
24187946, chr7, -1, 4871240, CAGCCATCGCAGCGGTACACTAG, 4, 0.0111626956084, False, NM_170759
24187946, chr4, 1, 150844820, CAGCCATCACTGGAGGAGAGTGG, 4, 0.00840018092831, False, None
24187946, chr2, -1, 163090114, CAGCCACCGCTGCTTCACAGCAG, 4, 0.00790197530166, False, None
24187946, chr3, -1, 105693454, CAGCTATCGCTGCAGTAAAGCAG, 4, 0.00768015064378, False, None
24187946, chr8, 1, 106495095, CAGCCATCCCTGCAGTATAGGAG, 4, 0.00439104130964, False, None
24187945, chr9, -1, 63450497, TACACCGGCAGCCATCGCTGCGG, 0, 100.0, True, NM_025857
24187945, chr12, -1, 8070464, AATACCAGCAGCCATCGCTGTGG, 3, 1.71289451138, False, None
24187945, chr1, -1, 94641651, GCCACAGGCAGCCATCGCTGAAG, 3, 1.50261437908, False, None
24187945, chr10, 1, 80601481, TTTACCGGCAGGCATCGCTGTGG, 3, 1.36550044444, False, None
24187945, chr11, -1, 16459555, TGCAGCGGCAGCCATCACTGGAG, 3, 1.25042735043, False, None
24187945, chr10, -1, 80895404, TACCCCGGGAGTCATCGCTGAGG, 3, 0.803323206751, False, None
24187945, chr6, -1, 106709821, TGCACGGGCAGCCATCACTGCAG, 3, 0.756508547009, False, None
24187945, chr11, 1, 102716954, TCTAGCGGCAGCCATCACTGAGG, 4, 0.601049166667, False, None
24187945, chr17, -1, 5722390, AACAACGGCTGCCATCACTGGAG, 4, 0.571587811086, False, None
24187945, chr5, -1, 125809470, GACCCTAGCAGCCATCGCTGAGG, 4, 0.564014727011, False, None
24187945, chr17, 1, 65145612, TGCTCCGGCGGCCATCTCTGTGG, 4, 0.56142625, False, None
24187945, chr12, 1, 89673786, TCCACCTGCAGCCAGCGCTGCAG, 3, 0.560038003221, False, None
24187945, chr1, -1, 92919610, CACATAGGGAGCCATCGCTGTGG, 4, 0.520512228261, False, None
24187945, chr4, -1, 140141617, GACCCCAGCAGACATCGCTGGAG, 4, 0.496733713693, False, None
24187945, chr9, -1, 121097281, TACATAGGATGCCATCGCTGCAG, 4, 0.457683456014, False, NM_177589
24187945, chr18, -1, 46446885, CACACCTGCTGGCATCGCTGTAG, 4, 0.457491750311, False, None
24187945, chr7, 1, 35812707, ACCACCAGCAGCCATCCCTGAGG, 4, 0.423881080317, False, None
24187945, chr5, -1, 73264037, TCCACCCACAGCCATCACTGCAG, 4, 0.416345416667, False, None
24187945, chr7, 1, 145096991, TGCACCTGCTGCCATCACTGTGG, 4, 0.38345412875, False, None
24187945, chr9, 1, 24217367, GGCACCGGAAGCCATCCCTGAGG, 4, 0.379196691176, False, NM_172920
24187945, chr11, 1, 49277758, TTCAAGGGCAGCCATCACTGGAG, 4, 0.368797916667, False, None
24187945, chr11, 1, 49301788, TTCAAGGGCAGCCATCACTGGAG, 4, 0.368797916667, False, None
24187945, chr4, 1, 83834181, TTCTCAGGCAGCCATCTCTGGAG, 4, 0.368797916667, False, None
24187945, chr5, -1, 93390174, TCCGCTGGCAGCCATCACTGTGG, 4, 0.368797916667, False, None
24187945, chr3, 1, 94270321, TTGACCGGAAGCCATCTCTGCAG, 4, 0.367241040833, False, None
24187945, chr15, -1, 54583867, TACAGCAGCGGCCATCACTGCAG, 4, 0.364038729826, False, NM_010930
24187945, chr4, 1, 62208044, TATTCTGGCAGCCATCTCTGGAG, 4, 0.357283047216, False, None
24187945, chr6, 1, 127953693, TATCCTGGCAGCCATCCCTGAAG, 4, 0.357283047216, False, None
24187945, chr10, 1, 115543982, TACCTTGGCAGCCATCACTGCAG, 4, 0.356135327253, False, None
24187945, chr5, -1, 104373672, TACTCTGGCAGCCATTGCTGTGG, 3, 0.309411580595, False, None
24187945, chr7, -1, 53518103, CACAGCGGCAGGCATCCCTGCGG, 4, 0.305343325792, False, NM_013624
24187945, chr8, -1, 90294256, TAGACTGGAATCCATCGCTGGGG, 4, 0.284839906671, False, None
24187945, chr4, 1, 153946899, CTCACCAGCAGCCACCGCTGAAG, 4, 0.28475731441, False, None
24187945, chr8, -1, 88927712, GACAGCGGCTGCCATAGCTGAAG, 4, 0.250819, False, None
24187945, chr2, 1, 118214431, TGCCCCGGCCGCCATGGCTGGGG, 4, 0.246437882096, False, NM_013719
24187945, chr12, -1, 17644502, TACAGATGCAGCCATCTCTGGGG, 4, 0.239135104826, False, None
24187945, chr8, -1, 122494266, TACACCTCCTGCCAGCGCTGGGG, 4, 0.237382926581, False, None
24187945, chr9, 1, 7139836, TACACCTTAAGCCATCTCTGGGG, 4, 0.233620759821, False, None
24187945, chr2, 1, 19561740, TATACAGGCATCCATCACTGAAG, 4, 0.198292091205, False, None
24187945, chr6, 1, 106566196, AACAACCGCAGCCATTGCTGAGG, 4, 0.186003666667, False, None
24187945, chr18, -1, 41439415, TGCACAGGCAGGCATCTCTGTGG, 4, 0.181448575, False, None
24187945, chr6, -1, 83347896, GACACCAGAAGCCAGCGCTGTAG, 4, 0.173986719105, False, None
24187945, chr11, 1, 58104483, TGCACCAGGAGCCAGCGCTGAGG, 4, 0.170999822639, False, None
24187945, chr17, 1, 46675516, TACACCCTCAGCCATCTCTATGG, 4, 0.167654973042, False, NM_001081335
24187945, chr12, -1, 25386269, TCCAGGGGCAGCCATGGCTGTAG, 4, 0.161883733624, False, None
24187945, chr2, 1, 29477769, TTCTCTGGCAGCCATAGCTGGGG, 4, 0.161883733624, False, None
24187945, chr8, 1, 107849596, TACAGGGGCAGCCATCACTAGGG, 4, 0.15378873125, False, None
24187945, chr6, -1, 83507638, TCCAGCTGCAGCCGTCGCTGGAG, 4, 0.152972547468, False, NM_024239
24187945, chr2, -1, 154375563, TACAGCGGCTGCCAGCACTGCGG, 4, 0.142843893987, False, NM_029305
24187945, chr5, 1, 143811816, TTCACAGGCAGCTATCTCTGAAG, 4, 0.14272479375, False, None
24187945, chr15, -1, 97587713, TACAGCTGCAGCCATCTCAGGGG, 4, 0.128857997407, False, NM_001177810
24187945, chr6, -1, 73316467, TAGACTCGCAGCCATCGTTGAGG, 4, 0.126439106897, False, None
24187945, chr2, 1, 35718657, TACACCAGGAGTGATCGCTGGAG, 4, 0.108455691422, False, None
24187945, chr5, 1, 136503619, TAAACCTGTAGCCATGGCTGAGG, 4, 0.108209708661, False, None
24187945, chr9, -1, 14674512, TACAATGGCAGCCACCGCTCTGG, 4, 0.107052935, False, None
24187945, chr18, -1, 7388996, GACACTGGAAGCCATTGCTGTAG, 4, 0.100669378333, False, None
24187945, chr14, -1, 87093368, TTCACTGGAAGCCATGGCTGAGG, 4, 0.0989109612445, False, None
24187945, chr4, 1, 128970991, TACTCCGGGAGCCAGCCCTGCAG, 4, 0.0963908224249, False, NM_023485
24187945, chr5, -1, 112706138, TACAGGGGCAGCCACCTCTGGGG, 4, 0.0938333939873, False, None
24187945, chr11, -1, 50618260, CACACTGGCAGCCATGGCTAAAG, 4, 0.073965375, False, NM_175643
24187945, chr6, -1, 125578722, TACACAGGCAGAGATCACTGTAG, 4, 0.0655586500752, False, None
24187945, chr5, 1, 100036667, TTCACCTGCAGCCATGGCAGGGG, 4, 0.0607511975806, False, None
24187945, chr6, 1, 54229432, CACACCCGCAGCACTCGCTGCGG, 4, 0.0602166913358, False, None
24187945, chr17, 1, 64616137, TACATCAGCAGCCTTCACTGTGG, 4, 0.0588944307753, False, None
24187945, chr18, 1, 66277607, TGCACAGGCAGCCTTCACTGTGG, 4, 0.0549508895833, False, None
24187945, chr15, -1, 86245193, GACACTGGCAGCCATGGCAGCAG, 4, 0.0548238644366, False, None
24187945, chr18, 1, 27690138, TAAACTGGCAGCCCTCACTGAGG, 4, 0.0532351740352, False, None
24187945, chr19, -1, 22225436, TATACAGGCAGCCATGGCAGCAG, 4, 0.0520995400962, False, None
24187945, chr18, 1, 74730540, TACTCCGGCAGACTTCGCTTCAG, 4, 0.0492776541855, False, None
24187945, chr15, 1, 82756840, TACACTGGCAGCCATCCCCAAAG, 4, 0.0475972765386, False, None
24187945, chr11, 1, 95014760, AACACCGGAAGCCAGGGCTGGGG, 4, 0.0445940386667, False, None
24187945, chr6, -1, 100633575, TACACAGGAAGCCATCCATGAAG, 4, 0.0419295221282, False, None
24187945, chr4, 1, 97652431, TACACAGGAAGCCATTGCTAAAG, 4, 0.041245870839, False, None
24187945, chr18, -1, 50700484, TACAAAGGCAGCCAGTGCTGGAG, 4, 0.0412245995851, False, None
24187945, chr7, 1, 124526127, CACTCCGGCAGCCCTTGCTGAAG, 4, 0.0405776666667, False, None
24187945, chr16, -1, 50060569, TACACTGACAGCCAAGGCTGTGG, 4, 0.040551544898, False, None
24187945, chr9, 1, 86093649, TAACCCGGCAGCCCTTGCTGTGG, 4, 0.0386358598712, False, None
24187945, chr15, 1, 85537142, TACAACGGCGGCCCTGGCTGGGG, 4, 0.0348909003112, False, NR_029729
24187945, chr12, 1, 113733961, AACACGGGCAGCCATGGGTGGAG, 4, 0.0334838225806, False, None
24187945, chr7, 1, 3348732, TACACTGGCAGCCATTTCTAAAG, 4, 0.0259896240147, False, None
24187945, chr5, 1, 137588017, TACAGCAGCAGCCTTAGCTGCAG, 4, 0.0258745764523, False, NM_201373
24187945, chr9, -1, 43875448, TACACTGGCACCCACAGCTGGAG, 4, 0.0225061074184, False, None
24187945, chr2, 1, 77762397, TACACAGGCAGCCATCATCGAAG, 4, 0.0219877951046, False, None
24187945, chr5, 1, 134158997, TACACCGGAAGCCATAACGGAGG, 4, 0.018532317375, False, None
24187945, chr12, 1, 56158032, TACACTGGCAGCCAGCCTTGGAG, 4, 0.0183913452215, False, None
24187945, chr2, 1, 73247847, TACACCGTCAGCCTTAGCTACAG, 4, 0.0160641332278, False, None
24187945, chr7, -1, 130482771, TACACCGGCTGTCTTAGCTGTGG, 4, 0.0158508959069, False, None
24187945, chr17, 1, 6232811, TACACCTGCAGCCAGTGCAGTGG, 4, 0.0149073698165, False, NM_001103181
24187945, chr17, -1, 6343108, TACACCTGCAGCCAGTGCAGTGG, 4, 0.0149073698165, False, None
24187945, chr17, -1, 6514443, TACACCTGCAGCCAGTGCAGTGG, 4, 0.0149073698165, False, None
24187945, chr3, -1, 37542382, TACACCTGCAGCCAGGGCGGTGG, 4, 0.0149073698165, False, NM_011896
24187945, chr12, -1, 17076968, TACACAGGCAGGCTTTGCTGGAG, 4, 0.0110923606469, False, None
24187945, chr11, -1, 66988477, TACACCGGCAGCCATTTGTAAGG, 4, 0.00716776726952, False, NM_001039545
24187942, chr9, 1, 63450463, AGGCGGAAGCAGCGCCGGCGCGG, 0, 100.0, True, NM_025857
24187942, chr5, -1, 125956224, AGACTGAACCAGCGCCGGCGCGG, 3, 1.53232583668, False, NM_030210
24187942, chrX, 1, 91077366, AGGAGGAGGCGGCGCCGGCGGGG, 3, 1.44650205761, False, NM_145630
24187942, chr17, 1, 35974080, AGGCGGGAGCAGCGCGGGCGGGG, 2, 0.945781355932, False, None
24187942, chr5, -1, 53658451, AGGGGGCAGCAGAGCCGGCGAAG, 3, 0.72468961039, False, NM_001145433
24187942, chrX, -1, 55284662, CGGCGGAGGCAGCGCCGCCGTAG, 3, 0.678324225865, False, NM_009575
24187942, chr11, 1, 89160582, TGACGGAGGCAGCGCCGGGGAGG, 4, 0.519472711268, False, None
24187942, chr14, -1, 118721903, AGGCAGCAGCAGCGGCGGCGCAG, 3, 0.515234962963, False, None
24187942, chr11, 1, 66339789, AGGCGGCGGCAGCGGCGGCGTGG, 3, 0.489147116737, False, None
24187942, chr18, 1, 12347851, CAGCGGAACCAGCGCCTGCGAGG, 4, 0.379196691176, False, NM_029623
24187942, chr8, 1, 33119360, AGGTGGAGGCGGCGCCGGCACGG, 4, 0.373071125566, False, None
24187942, chr12, -1, 103929711, AAGCGGAGGCTGTGCCGGCGGAG, 4, 0.317498573651, False, None
24187942, chr15, 1, 87455214, CGGCGGTGGCAGCGGCGGCGGAG, 4, 0.28475731441, False, None
24187942, chr2, -1, 104582936, CAGCGGCAGCAGCGGCGGCGCGG, 4, 0.28475731441, False, NM_144804
24187942, chrX, -1, 138159057, TGGCGGCCGCAGCGGCGGCGGAG, 4, 0.28475731441, False, NM_010572
24187942, chr15, 1, 76063035, CCGCGGAGGCAGCGCAGGCGGGG, 4, 0.272333333333, False, None
24187942, chr19, 1, 26681751, AGCCGGACGCAGAGCCGGCTGGG, 4, 0.261227608237, False, None
24187942, chr8, 1, 91465461, AGTGGGAAGCAGCGCCTGCTGGG, 4, 0.259877594758, False, None
24187942, chr5, -1, 24083133, AGGGGGAAGGGGCGCCGGAGGGG, 4, 0.25493855625, False, NM_001190443
24187942, chr14, -1, 79310777, AGGGGGAAGGAGAGCCGGCAGAG, 4, 0.23959031004, False, None
24187942, chr7, 1, 114738132, AGGCGGGGGGAGCGGCGGCGGAG, 4, 0.237382926581, False, None
24187942, chr8, -1, 109417068, AGGCTGACGGAGCGCGGGCGGAG, 4, 0.234167116183, False, None
24187942, chr3, -1, 148341045, AGACAGAAGCAGAGCCTGCGGAG, 4, 0.22854304012, False, None
24187942, chr7, 1, 52898878, AGGCAGCAGCTGCGCCTGCGGGG, 4, 0.219371873022, False, NM_172418
24187942, chr8, -1, 123472135, AAGAGGAAGCAGGGCCGGGGAGG, 4, 0.200132056452, False, None
24187942, chr9, 1, 96096703, CGGGGGAAGCGGCGCCGCCGCGG, 4, 0.178584677419, False, NM_178667
24187942, chr8, -1, 48799315, CGGCGGCAGCGGCGGCGGCGAGG, 4, 0.158040309498, False, NM_172407
24187942, chr11, -1, 65981933, AGGAGCAGGCAGCGCTGGCGGAG, 4, 0.156419303797, False, NM_001099633
24187942, chr6, -1, 100237455, CGGCGGAGGCGGCGCTGGCGGGG, 4, 0.151145, False, NM_019743
24187942, chr4, 1, 124384945, AGGTGGGAGCGGCGGCGGCGAGG, 4, 0.150171082469, False, NM_010213
24187942, chr11, -1, 96144239, AGGCGGCGGCGGCGGCGGCGCAG, 4, 0.143048343379, False, NM_010461
24187942, chr3, 1, 51713518, AGACCGAAGCAGCGTCGGGGAAG, 4, 0.134179096154, False, None
24187942, chr14, -1, 13177362, AGGAGGAGGCAGCGGCGGGGGGG, 4, 0.133665, False, NM_080433
24187942, chr6, 1, 86711977, AGGAGGCAGCAGGGCCGGTGGAG, 4, 0.13183009875, False, None
24187942, chr9, -1, 95442865, AGGAGCAAGCAGCGCCGGTTTAG, 4, 0.128104558117, False, None
24187942, chr7, 1, 120449571, AGGGGGAACCAGAGCCGGAGCAG, 4, 0.11793292875, False, NM_001243048
24187942, chr16, -1, 6348819, AGGCGGGAGAAGTGCCGGGGCAG, 4, 0.115267899635, False, None
24187942, chr3, -1, 153991614, AGCCGGGAGCAGCGGCCGCGCAG, 4, 0.108096724123, False, None
24187942, chr13, 1, 47138929, GGGCGGAAGCGGCGGCGGCCGAG, 4, 0.105723715909, False, NM_172262
24187942, chr18, -1, 6718221, AGGCAGAAGCTGCGCCAGGGAAG, 4, 0.104708914438, False, None
24187942, chr7, 1, 20059345, AGGCGGAGGCGCCGACGGCGGAG, 4, 0.101441258755, False, None
24187942, chr14, -1, 30807262, AGGTGGAGGCAGTGCAGGCGTGG, 4, 0.10005664557, False, None
24187942, chr4, -1, 47070011, AGGCGGGAGCGGAGCCGGCAGGG, 4, 0.0935318789215, False, NM_001024136
24187942, chr10, -1, 121533971, AGGCGGCGGCGGCGCAGGCGAAG, 4, 0.0932819593373, False, NM_153059
24187942, chr5, 1, 28493374, AGGCGGCGGCGGCGCAGGCGGAG, 4, 0.0932819593373, False, NM_010134
24187942, chr16, 1, 20733478, AGGGGAAAGCAGAGGCGGCGAGG, 4, 0.0927553490664, False, NM_001278041
24187942, chr13, -1, 23515626, AGGCGAATGCAGAGGCGGCGGAG, 4, 0.0897752575301, False, NM_013924
24187942, chr1, -1, 78128926, AAGAGGAAGCAGCGCAGGAGCAG, 4, 0.0889475806452, False, NM_008781
24187942, chr10, 1, 14265336, AGCCAGAAGCAGCTCCGGGGAGG, 4, 0.0745995721154, False, None
24187942, chr16, 1, 33080331, AGGAGGAAGCAGGGCCCGGGAGG, 4, 0.07431125625, False, None
24187942, chr2, -1, 91768228, AGGCGGGGGCAGGGCTGGCGGAG, 4, 0.0650452581325, False, NM_007699
24187942, chr7, -1, 52566012, AGGCGGCAGCGGCGACGGCCAGG, 4, 0.0647714303643, False, NM_175130
24187942, chr16, -1, 50529159, TGGCGGAAGCAGAGTCTGCGGGG, 4, 0.0643678625566, False, None
24187942, chr1, -1, 129973862, AGGCGGAAGTAGAGTCGGCCAAG, 4, 0.0579202240123, False, None
24187942, chr11, -1, 80291484, AGGCGGTAGCACCGGCGGCAGAG, 4, 0.0574189977283, False, NM_009871
24187942, chr2, -1, 158235465, AGCCGGAAGCTGCGCGTGCGCAG, 4, 0.0563739498963, False, None
24187942, chr7, 1, 28044047, AGGCGGCAGCAGCGCCCGGATGG, 4, 0.0528113165082, False, NM_010950
24187942, chr10, 1, 19709999, AGACTGAAGCAGCGCTGCCGAGG, 4, 0.0526300506667, False, None
24187942, chr2, -1, 156832809, AGGCGGAGGCTGCGCACGCGCAG, 4, 0.0525820707831, False, NM_025853
24187942, chr14, -1, 103746111, AGGCGGAGGGAGCCGCGGCGGAG, 4, 0.0509803065175, False, NM_207215
24187942, chr4, 1, 46502026, AGGCGTAGGCAGCGCTGGAGGGG, 4, 0.0501179533262, False, None
24187942, chr15, -1, 10504612, AGTCGGAAGAAGCGCTGTCGGAG, 4, 0.048472276664, False, NM_001166408
24187942, chr18, -1, 38643378, AGGCGGAGGCAGAGGCGGGGAAG, 4, 0.0482941073651, False, None
24187942, chr8, -1, 107666286, AGGTGGAAGCCGAACCGGCGAGG, 4, 0.0465349235969, False, NM_146213
24187942, chr13, -1, 58316945, AGGAGGAAGCGGCGGCGACGCGG, 4, 0.045352709607, False, NM_152234
24187942, chr19, -1, 29880181, AGGAGGAAGCGGCGGCGTCGGAG, 4, 0.045352709607, False, NM_172836
24187942, chr7, 1, 132452922, AGGAGAAAGCAGCCCCGGGGAGG, 4, 0.04495981875, False, None
24187942, chr18, -1, 89117526, AGGCAGAAGCATCGCTGGGGTGG, 4, 0.0414689934498, False, None
24187942, chr17, -1, 4996504, GGGCGGAAGCAGGCCCGGCCGGG, 4, 0.0409865982955, False, NM_001085355
24187942, chr17, -1, 66797844, GGGCCGAAGCAGCCCAGGCGGGG, 4, 0.0405776666667, False, NM_172963
24187942, chr5, -1, 77738550, AGGCGGAAGGCGGCCCGGCGCGG, 4, 0.0390348432529, False, NM_019836
24187942, chr19, -1, 46449036, AGGTAGAAGCAGCCCTGGCGGAG, 4, 0.0385231012658, False, NM_029186
24187942, chr11, 1, 113687662, AGGCTGAGGCAGCCCTGGCGGGG, 4, 0.0378837136929, False, NM_172800
24187942, chr5, 1, 121744290, AGGCAGAAGTAGCCCTGGCGCAG, 4, 0.0348909003112, False, None
24187942, chr11, -1, 60835904, AGGCGGTGGCAGCGCAGTCGCGG, 4, 0.0340363556017, False, None
24187942, chr11, 1, 74992327, AGGCGGAAGTAGAACCGGCAAGG, 4, 0.032201915589, False, NM_144491
24187942, chr5, 1, 137974436, AGGCGGCAGCGGCGGCGACGCGG, 4, 0.0294335321639, False, NM_010312
24187942, chr7, 1, 152053680, AGGAGGAAGCAGATCCGGTGCGG, 4, 0.02875942125, False, None
24187942, chr17, 1, 14288358, AGGCAGAAGCAGTTCCGGGGGAG, 4, 0.0282570732806, False, None
24187942, chr6, 1, 113324882, AGGCAGAAGCAGACCCGGAGTGG, 4, 0.0282570732806, False, NM_133932
24187942, chr11, 1, 121534639, CGGCGGGAGCAGCTCGGGCGAGG, 4, 0.0277145463333, False, None
24187942, chr1, -1, 99992232, AGGCGGGAGCCGCCCCGGGGGAG, 4, 0.0267434256112, False, NM_013626
24187942, chr1, -1, 136352384, AGGCGGCAGCTGCTCCGGAGAAG, 4, 0.0267434256112, False, None
24187942, chr4, -1, 155367253, GGGCGGAAGCAGCCTCTGCGAAG, 4, 0.0247824587104, False, NM_011341
24187942, chr6, -1, 91221629, AGGCGGGAGCAGGGCCGATGCGG, 4, 0.0245304107801, False, NM_001081437
24187942, chr2, -1, 32568267, AGGCGGAAGTGGCGCGGCCGCGG, 4, 0.0242645076462, False, NR_037217
24187942, chr9, 1, 108030249, AGGCGGAGGCAGCGCAGCCCCAG, 4, 0.021131343038, False, None
24187942, chr2, 1, 158006367, AGGAGGAAGCAGCCTCGGGGCAG, 4, 0.019916085, False, None
24187942, chr14, -1, 49200275, AGGAGGAAGCAGCCCCGACCGAG, 4, 0.0196309354072, False, None
24187942, chr1, -1, 77336081, AGGCAGAAGCAGCTTCGGGGGGG, 4, 0.019568205786, False, None
24187942, chr4, 1, 85022319, AGGCGGAAGCACTGCTGGCAGAG, 4, 0.0192298068249, False, NM_019535
24187942, chr8, -1, 72846992, AGGCGGAACCAGAACCTGCGGGG, 4, 0.0191000069389, False, NM_001163282
24187942, chr12, -1, 100956714, AGGAGGAAGCAGCTCTGGCTAGG, 4, 0.0172271473982, False, NM_030172
24187942, chr1, 1, 137962311, AGGCAGAAGCAGCTCCAACGGAG, 4, 0.0171910348712, False, None
24187942, chr11, -1, 4847298, AGGCGGAAGCGGCGCGCGTGGAG, 4, 0.0163014811141, False, NM_010904
24187942, chr11, 1, 78184765, AGGCGGAAGGAGCCCGGGCCGGG, 4, 0.014311962484, False, NM_008238
24187942, chr8, 1, 73219403, CGGCGGAAGCAGCACGGGAGGGG, 4, 0.0135020757042, False, None
24187942, chr16, -1, 43726141, AGGCGGAAGCAGCACCTAGGTAG, 4, 0.00476126794104, False, None
24187943, chr9, 1, 63450486, AACCCGCTCTGCCGCAGCGATGG, 0, 100.0, True, NM_025857
24187943, chr16, 1, 17807711, TCCCCGCGCGGCCGCAGCGAAGG, 4, 1.31769578313, False, NM_153790
24187943, chr4, 1, 28037925, AACACACTCTGCCGCAGCTACAG, 3, 0.618961538462, False, None
24187943, chr17, 1, 9862192, ACTCCGCTCTTGCGCAGCGACGG, 4, 0.391492809184, False, NM_001163836
24187943, chr19, -1, 6980449, AACCAGCTCTGCAGCAGCCAAAG, 3, 0.384111940299, False, None
24187943, chr15, -1, 76284401, AGCCCGTTCCGCCGCAGCCACGG, 4, 0.325301470766, False, NM_013481
24187943, chr6, 1, 85136183, AACCCGCTTTGTAGCAGCGAGGG, 3, 0.282298855172, False, None
24187943, chr12, -1, 118772646, AGCCCGCTCCGCAGCAGCGCAGG, 4, 0.24858900713, False, None
24187943, chr15, -1, 89204764, AACCCTCTGGGCCGCAGCGTGGG, 4, 0.220857250248, False, NM_138302
24187943, chr15, -1, 60415904, CACCCACTCTGACGCAGCGCAGG, 4, 0.211575375, False, None
24187943, chr17, 1, 45801864, CACCTGCTCAGCCCCAGCGAGGG, 4, 0.20981901824, False, NM_198167
24187943, chr7, -1, 83025563, AAGCCTTTCTGCCGCAGCCAGGG, 4, 0.20688363887, False, None
24187943, chr12, 1, 112673510, GCCCCGCTCTGCAGCAGCTATGG, 4, 0.20389040493, False, None
24187943, chr6, -1, 114653460, TAGCCGCTCTGCTGCAGCCAGGG, 4, 0.201035939261, False, NM_001253717
24187943, chr17, 1, 10535541, GAGCCGCTGTGCCGCAGGGATGG, 4, 0.193851575806, False, None
24187943, chr2, -1, 59000085, ACCGCCCTCTGCCGCAGGGAGAG, 4, 0.191149886878, False, None
24187943, chr3, -1, 115971489, AACCTGCCCTGCAGCAGCCAGGG, 4, 0.189644787118, False, None
24187943, chr2, 1, 169522469, AAGCCTCTCTGAGGCAGCGAAAG, 4, 0.165157061042, False, None
24187943, chr4, -1, 148594726, CACCGGCTCTGACGCAGGGACGG, 4, 0.158312903226, False, NM_207682
24187943, chr12, -1, 96933681, AACCAGCTCGGTCGCAGAGAAGG, 4, 0.13579374206, False, None
24187943, chr3, -1, 58321394, AAACCCCTCTGCCGCAGCAGCAG, 4, 0.128639409405, False, None
24187943, chr11, -1, 87900432, AACCCGGACTGCTGCAGCCATGG, 4, 0.125155157041, False, None
24187943, chr1, 1, 94768314, AGCCAGCTCTGCTGCAGAGAGAG, 4, 0.122272737557, False, NM_172850
24187943, chr14, -1, 67854440, AGCCGGCTCTGCCGCTGCGCCGG, 4, 0.119960915493, False, None
24187943, chr4, 1, 85171648, GACCCTCTGTGCCGCAGAGAGAG, 4, 0.118945439516, False, None
24187943, chr3, -1, 34710976, AACCAACTCTGCAGCAGCAAAGG, 4, 0.114735096206, False, None
24187943, chr13, -1, 76278078, AACGCCCTGTGCCGCAGGGATAG, 4, 0.112712490721, False, NM_001081352
24187943, chrX, -1, 100209366, ACCCCGCTCTTGCGGAGCGACGG, 4, 0.111890143777, False, None
24187943, chrX, 1, 100262223, ACCCCGCTCTTGCGGAGCGACGG, 4, 0.111890143777, False, None
24187943, chr17, 1, 25600584, AATCTGCTCTGCTGCTGCGACAG, 4, 0.100349515236, False, None
24187943, chr11, 1, 96150803, CACACGCTCTGCCTCACCGAAAG, 4, 0.0924718608597, False, NM_010460
24187943, chr10, -1, 61732514, CACCCACTCTGCCGCAGAGGGAG, 4, 0.084286125, False, NM_010438
24187943, chr6, 1, 146138731, AACACGCTCTGCAGCAGCTGCGG, 4, 0.0819445685803, False, None
24187943, chr15, -1, 7100939, CACCTGCTCTGCCCCAGCCAGGG, 4, 0.0785004401408, False, None
24187943, chr11, -1, 120106010, ACCCAGCTCTGCCACAGCCACGG, 4, 0.0770534274194, False, None
24187943, chr14, 1, 63981735, ACCCCTCTCTGCAGCAGGGAGAG, 4, 0.0739750062217, False, None
24187943, chr8, -1, 74857518, AACCGGCTCTCCTGCAGAGAGAG, 4, 0.0643663631974, False, None
24187943, chr9, 1, 118603628, AACCAGCTCTGGGGCAGGGAGGG, 4, 0.0570599111588, False, None
24187943, chr4, -1, 147977871, AGCCCGCTCTGCAGGAGCAATAG, 4, 0.053635391129, False, NM_010767
24187943, chr11, 1, 58862846, AACCCCCTCTGCAGCAGCTGCAG, 4, 0.047844535118, False, NM_199152
24187943, chr1, -1, 158159618, AAACCACTCTGCCTCAGCAAAGG, 4, 0.0451327411298, False, None
24187943, chr6, -1, 51993898, AACACGCTCTGGATCAGCGAGGG, 4, 0.0412525809184, False, None
24187943, chr6, -1, 129301772, AACCAGCTCAGCCACAGGGATAG, 4, 0.0411245275751, False, None
24187943, chr16, -1, 18838776, AACCCGCTAAGCCTCAGCAACAG, 4, 0.0384048834348, False, None
24187943, chr5, -1, 147564227, AACCAACTCTGCCAGAGCGACGG, 4, 0.0351289545918, False, None
24187943, chrX, 1, 88637001, AACCCACCCTGCCCTAGCGACGG, 4, 0.0345646340361, False, None
24187943, chrX, -1, 89179546, AACCCACCCTGCCCTAGCGACGG, 4, 0.0345646340361, False, None
24187943, chr13, 1, 21271969, AACCCGCTTTCCCGCCCCGAGAG, 4, 0.031619698288, False, NM_009054
24187943, chr2, 1, 69674353, AACCCGCTCTGCCAGAGCTAGAG, 3, 0.0312409176471, False, NM_177784
24187943, chr14, 1, 64479030, AACCAGCTCTGCCCCAGCCCTAG, 4, 0.03098883375, False, None
24187943, chr1, 1, 92403008, AACCCCCTCTGCAGCAGTGGAGG, 4, 0.0297699329623, False, None
24187943, chr7, 1, 134166566, TACCCCCTCTGCCCCAGAGAGGG, 4, 0.0290063346774, False, NM_010772
24187943, chr6, -1, 91202732, AACCTACTCTGCCTCAGAGAGAG, 4, 0.0270144833691, False, None
24187943, chr18, -1, 47415744, AACCCCCTCTGGCTCAACGATGG, 4, 0.0252409272899, False, None
24187943, chr2, -1, 69820418, AACACGCTCTACCTCAGAGAAAG, 4, 0.0252147527293, False, None
24187943, chr12, -1, 113917382, AAGCCGCTCTGCCGCCGGGGCGG, 4, 0.0227558272065, False, None
24187943, chr14, 1, 117715599, AACCAGCTCTGTCTCAGTGACAG, 4, 0.0219688030043, False, None
24187943, chr9, -1, 46435435, AACCAGCTCTGCTGCCGAGATGG, 4, 0.0199477738197, False, None
24187943, chr8, 1, 111684086, AACCCACTCTGCACCAGCCACAG, 4, 0.0168020438526, False, None
24187943, chr12, -1, 112935119, AACCCACTCTGCCGCTCTGACAG, 4, 0.0118034006646, False, None
24187943, chr17, -1, 84254109, AACCCGCTCTGCAGCCCCCACAG, 4, 0.0110185655819, False, None
24187943, chr16, 1, 34486602, AACCCGCTCTGCATCTGCAACAG, 4, 0.00426432797845, False, None
24187944, chr9, 1, 63450493, TCTGCCGCAGCGATGGCTGCCGG, 0, 100.0, True, NM_025857
24187944, chr11, -1, 118715859, CCTGGCCCAGCGATGGCTGCCGG, 3, 1.73721552878, False, None
24187944, chr7, 1, 4871244, TGTACCGCTGCGATGGCTGCGAG, 3, 1.59245541838, False, NM_170759
24187944, chr17, 1, 80186128, TCTGACGGAGCCATGGCTGCCAG, 3, 1.28230452675, False, None
24187944, chr19, -1, 6360514, TGTGCAGCAGTGATGGCTGCTGG, 3, 0.920595238095, False, None
24187944, chrX, -1, 91881691, TCAGCCGCTGCCATGGCTGCGGG, 3, 0.812650102165, False, NM_008179
24187944, chr12, -1, 4289030, CCAACAGCAGCGATGGCTGCTAG, 4, 0.801938915094, False, None
24187944, chr11, 1, 89175436, TCTGCAGAAGCAATGGCTGCTGG, 3, 0.757100401606, False, None
24187944, chr10, -1, 44247085, TCTGCCGCGTGGATGGCTGCTGG, 3, 0.724541928571, False, None
24187944, chr2, 1, 156574975, CCTGCCGCAGGGATGGCTACTGG, 3, 0.625550847458, False, NM_001042488
24187944, chr16, -1, 88113870, GCTACCTCTGCGATGGCTGCCAG, 4, 0.587619589921, False, None
24187944, chr1, 1, 191530033, CCTGCCGCAGCCTTGGCTGCTGG, 3, 0.566146478873, False, None
24187944, chr1, 1, 91009323, CCTGACCCAGGGATGGCTGCCAG, 4, 0.551191454082, False, None
24187944, chr6, -1, 64593549, ACAGCCTCAGTGATGGCTGCAGG, 4, 0.543474773724, False, None
24187944, chr4, -1, 139371524, TGTGTCCCAGAGATGGCTGCCAG, 4, 0.542336972892, False, None
24187944, chr5, 1, 93390170, TGTCCCACAGTGATGGCTGCCAG, 4, 0.542336972892, False, None
24187944, chr19, 1, 59335839, GGTGCTGCTGCGATGGCTGCGGG, 4, 0.520512228261, False, NM_172523
24187944, chr1, 1, 189813283, TGGGTCGCAGCGATGGCTACTGG, 4, 0.509897177419, False, None
24187944, chr4, -1, 54623131, CCTGTCCCAGCCATGGCTGCCAG, 4, 0.496733713693, False, None
24187944, chr7, -1, 72319081, CCTGCCTGAGCCATGGCTGCCAG, 4, 0.496733713693, False, None
24187944, chr6, 1, 137929235, AATGCAGCAGTGATGGCTGCTAG, 4, 0.488244260204, False, None
24187944, chr7, 1, 133231083, TTTGACCCAGCGATGGCTGGGGG, 4, 0.476356426056, False, None
24187944, chr11, 1, 4049326, TCAGTCACAGCAATGGCTGCTGG, 4, 0.474043556024, False, None
24187944, chr17, 1, 5636275, TCTCCCATAGCAATGGCTGCCGG, 4, 0.473173221344, False, None
24187944, chr9, -1, 63771103, GCTGTCGCTGCTATGGCTGCTGG, 4, 0.44436939834, False, None
24187944, chr4, 1, 98343842, TCTGCTGCAGAGATGGCTGAAGG, 3, 0.441184962687, False, NM_007704
24187944, chr6, 1, 113904852, CCAGCAGCAGCCATGGCTGCTGG, 4, 0.433845625519, False, None
24187944, chr1, -1, 95157638, TCTGTTGTAGCCATGGCTGCAAG, 4, 0.412612354086, False, None
24187944, chr16, 1, 30569665, TGTGGCGCAGACATGGCTGCTGG, 4, 0.397051530612, False, None
24187944, chr1, -1, 4245830, TCTGCCTCAGGGGTGGCTGCTGG, 3, 0.373127837349, False, None
24187944, chr14, 1, 35951432, TCTGGCTTAGCGGTGGCTGCAGG, 4, 0.372191131423, False, None
24187944, chr13, -1, 58806274, TGTGCCTGAGCGATGGCTTCTAG, 4, 0.353204637097, False, None
24187944, chr8, 1, 90832628, CCTGGTGCAGCGGTGGCTGCGGG, 4, 0.351943433544, False, NM_001037723
24187944, chr3, 1, 40957640, GATGCCGCAGCAATGGCTGTGGG, 4, 0.349711363636, False, None
24187944, chr11, -1, 58904442, TCTGCCACAGCGATGGGTGTGAG, 3, 0.335489929952, False, None
24187944, chr12, -1, 85075229, TCTGCTGCAGCGATGGATGTTGG, 3, 0.306047226368, False, NM_008943
24187944, chr2, 1, 179953707, CCTGCCCCTGCCATGGCTGCTAG, 4, 0.303504299066, False, None
24187944, chr17, -1, 58734181, GCTGCTGCTGAGATGGCTGCTGG, 4, 0.298317242985, False, None
24187944, chr6, -1, 8543167, GCTGCTGCTGAGATGGCTGCTGG, 4, 0.298317242985, False, NM_133236
24187944, chr11, -1, 97866467, GCTACCGCAGCTCTGGCTGCCAG, 4, 0.286208544304, False, NM_145121
24187944, chr2, 1, 117607601, TCTGGCCCTGCCATGGCTGCTGG, 4, 0.284609089786, False, None
24187944, chr11, -1, 57875196, TCTGCCGTAACCATGGCTGGAGG, 4, 0.284032028165, False, NM_028451
24187944, chr1, 1, 72917842, TCTCCCGAAGCTTTGGCTGCCAG, 4, 0.272415361446, False, None
24187944, chr11, 1, 116520499, ACTGCCACAGGGATGGCTGGGGG, 4, 0.269437678977, False, None
24187944, chr12, -1, 109800542, TCAGCCCCAGTGATGGCTGGAAG, 4, 0.255871429758, False, None
24187944, chr3, 1, 105693458, TTTACTGCAGCGATAGCTGCTGG, 4, 0.247907188841, False, None
24187944, chr5, 1, 103102743, CCTGCCACAGCCATGGCTGGGAG, 4, 0.238852861364, False, None
24187944, chr8, -1, 116980364, TCCGCTGCAGAAATGGCTGCAGG, 4, 0.233048279684, False, None
24187944, chr9, -1, 64188629, CCTGACGTAGCGAAGGCTGCCGG, 4, 0.227816523605, False, NM_001177784
24187944, chr11, 1, 45080028, TCTGCCGGAGCAATGCCTGCTGG, 3, 0.226140084388, False, None
24187944, chr8, 1, 118757557, TCTACCTCAGAGATGGGTGCAAG, 4, 0.223137913761, False, None
24187944, chr13, -1, 34363653, TCTGCCTGAGCTATGGCTGAGAG, 4, 0.214249991524, False, None
24187944, chr7, 1, 137662676, GCTGCCGCGGGGATGGATGCAGG, 4, 0.210454163603, False, None
24187944, chr18, 1, 64059558, TCTGACACAGTGCTGGCTGCCAG, 4, 0.20656607794, False, None
24187944, chrX, 1, 118019733, TTTGCAGCAGGGATGGGTGCAGG, 4, 0.20468284375, False, NR_073451
24187944, chr2, -1, 26284527, TCTGCCATAGTGGTGGCTGCTGG, 4, 0.200234550647, False, NM_153125
24187944, chr19, -1, 44433381, GCTGCCCCAGGGATGGCTCCTGG, 4, 0.199709861356, False, None
24187944, chr10, 1, 117120422, CCTCCCGCTGCGATGGCAGCCGG, 4, 0.196604032258, False, NM_027468
24187944, chr7, 1, 98715154, CCTGCCCCAGCCCTGGCTGCAAG, 4, 0.195480435759, False, None
24187944, chr7, 1, 123037475, TGTGCCGCTGTGCTGGCTGCCGG, 4, 0.193991628501, False, None
24187944, chr15, -1, 27944825, TCTGCAGTAGCAATGGCTGTGAG, 4, 0.19309717631, False, None
24187944, chr14, -1, 28965384, TCTCCCACAGGGATGGCTTCTAG, 4, 0.18905866875, False, None
24187944, chr15, 1, 77629257, TCGGCCCCAGCTGTGGCTGCAGG, 4, 0.186450037507, False, None
24187944, chr3, -1, 9799795, TCAGCCACAGCACTGGCTGCTGG, 4, 0.186450037507, False, None
24187944, chr4, -1, 107243863, TCTGCCCCACGGCTGGCTGCTGG, 4, 0.184416021145, False, None
24187944, chr7, -1, 147014010, TCTGGTGCAGAGGTGGCTGCAGG, 4, 0.182975808424, False, None
24187944, chr2, -1, 60382501, TTTACCCCAGCGATGTCTGCTGG, 4, 0.182754694323, False, None
24187944, chr1, 1, 188074315, CCTGCCGCTGCTGTGGCTGCTGG, 4, 0.17487342057, False, None
24187944, chr18, 1, 7194180, TGTGCCACAGCTATGGCTCCAAG, 4, 0.173776681452, False, None
24187944, chr4, 1, 97636678, CCTGCAGCAGCATTGGCTGCCAG, 4, 0.173156169304, False, None
24187944, chr11, -1, 45327467, TATGCTTCAGCGATAGCTGCAAG, 4, 0.169320609979, False, None
24187944, chr12, -1, 25791061, TCAGCCACAGCAATGGCTTCTAG, 4, 0.168242562519, False, None
24187944, chr2, 1, 168077456, TCAGCCTCAGCAATGGCTTCCAG, 4, 0.168242562519, False, None
24187944, chr6, 1, 103914545, TCTCCTGCAGGGATGGCTTCCGG, 4, 0.16746778125, False, None
24187944, chr2, 1, 30364550, TCTGCCTCACTGATGGCTACAGG, 4, 0.165306677771, False, None
24187944, chr16, -1, 97387095, TCTCCTGCAGCTGTGGCTGCAAG, 4, 0.164811293675, False, None
24187944, chr7, 1, 136376036, TCTGACTCAGCCATGGCTCCAAG, 4, 0.164670479803, False, None
24187944, chr13, 1, 12386520, TCTGCCTCACCCCTGGCTGCAGG, 4, 0.163482310637, False, NM_033268
24187944, chr8, -1, 63110405, TCCGCCGCAGAAGTGGCTGCAGG, 4, 0.151507717154, False, None
24187944, chrX, -1, 50214799, TCAGCCACAGTGATAGCTGCAGG, 4, 0.150567736889, False, None
24187944, chr7, 1, 86245843, TCTGCCACACCCATGGCTTCTGG, 4, 0.14654213597, False, NM_007424
24187944, chr2, -1, 72084507, TCTGCTGCTGACATGGCTGCAGG, 4, 0.137774561185, False, None
24187944, chr2, -1, 160191807, ACAGCCGCGGCGACGGCTGCGGG, 4, 0.13724715338, False, NM_010658
24187944, chr2, 1, 127481855, GCTGCCGGAGCCATGCCTGCGAG, 4, 0.133988, False, NM_001171187
24187944, chr18, -1, 44997069, TCAGCCACAGCAATCGCTGCTAG, 4, 0.133476264053, False, NM_001163013
24187944, chr8, 1, 93658260, TCTCCGGCAGTGATTGCTGCTAG, 4, 0.133021237033, False, NM_010241
24187944, chr6, 1, 58882785, TCTGCTCCAGCCATGGCTGATAG, 4, 0.13188537142, False, None
24187944, chr12, -1, 54062939, TCAGCCACAGCGATGGATTCGAG, 4, 0.131653224736, False, None
24187944, chr7, -1, 24143139, TCAGCATCAGCGATGGCCGCCGG, 4, 0.126439106897, False, None
24187944, chr7, -1, 19678686, GCTGCAGCAGCGGTGGCTACCAG, 4, 0.123353694982, False, NM_032418
24187944, chr6, 1, 38938181, TGTGCCGCAGAGATGGCTAAAGG, 4, 0.121931203785, False, None
24187944, chr18, -1, 61322787, TCAGCTGCAGCCATCGCTGCTGG, 4, 0.118233001101, False, NM_178277
24187944, chr7, -1, 145096995, TCTCCCACAGTGATGGCAGCAGG, 4, 0.115581718886, False, None
24187944, chr9, -1, 59162795, GCTCCCGCAGCTACGGCTGCGAG, 4, 0.112085729614, False, NM_028121
24187944, chr11, 1, 117016466, CCTGCCCCAGCGCTCGCTGCCAG, 4, 0.110201080677, False, NM_001166507
24187944, chr5, -1, 137463546, CCTGCCGCAGCCATGGCTAGCAG, 4, 0.110159079545, False, NM_027318
24187944, chr5, 1, 36937570, TCTGCCACTGCTCTGGCTGCAGG, 4, 0.108455691422, False, None
24187944, chr1, 1, 179442149, CCTCCCGCAGCGATGCATGCAGG, 4, 0.106746040724, False, None
24187944, chr6, 1, 30835643, TCCGCCTCAGCGTTTGCTGCAAG, 4, 0.104990475993, False, NM_017478
24187944, chr7, 1, 136558931, TCTGTCACAGCCATGGCAGCCAG, 4, 0.100702633906, False, None
24187944, chr10, -1, 25238674, TCTGCCTCAGGAGTGGCTGCTGG, 4, 0.0985153989181, False, None
24187944, chr4, -1, 155409935, TCTGCCACAGGTGTGGCTGCTGG, 4, 0.0985153989181, False, NM_029264
24187944, chr7, -1, 29678773, TCTGCCTCAGGAGTGGCTGCGGG, 4, 0.0985153989181, False, NM_021895
24187944, chr16, -1, 31589748, TCTCCCACAGAGATGCCTGCTGG, 4, 0.098005096519, False, None
24187944, chr3, -1, 97562947, TGTGCCGCAGCTATGGTTTCCAG, 4, 0.097956108871, False, NM_178080
24187944, chr1, -1, 114384651, TCTGCTGCTGCCCTGGCTGCAGG, 4, 0.09756507941, False, None
24187944, chr7, -1, 71180622, TCTGCAGCTGCACTGGCTGCTGG, 4, 0.09756507941, False, None
24187944, chr7, -1, 135607447, TGTGCAGCAGGGATGTCTGCTGG, 4, 0.0898454721616, False, None
24187944, chr14, -1, 67854433, TCTGCCGCTGCGCCGGCTGCCAG, 3, 0.0875045447059, False, None
24187944, chr17, 1, 44650993, TCTGCCTCTGAGATTGCTGCAGG, 4, 0.0874025378048, False, None
24187944, chr11, -1, 117016791, TCTGCAGCAGTGCTGGCTGGCAG, 4, 0.0842975142556, False, NM_001166507
24187944, chrX, -1, 136533097, TCTGCCGCACAGATTGCTGGGAG, 4, 0.0830638871495, False, NM_001172147
24187944, chr10, 1, 79748654, TCTGCCTCTGCCATTGCTGCAGG, 4, 0.0774811686486, False, None
24187944, chr17, 1, 34999837, GCTGCCTCAGCCAGGGCTGCAGG, 4, 0.0765545533262, False, NM_013484
24187944, chr9, -1, 119882281, GCTGCTGCAGGGAGGGCTGCGAG, 4, 0.0764950932135, False, NM_153287
24187944, chr4, 1, 152154016, TCTGCCTCAGGGATGGCTAGAGG, 4, 0.0761305991222, False, None
24187944, chr7, -1, 88863007, TCTGCCTCAGAGATGGCTCTGGG, 4, 0.0761305991222, False, None
24187944, chr14, 1, 115293621, ACTGCTGCAGCGTTGGCAGCAAG, 4, 0.0753386008065, False, None
24187944, chr10, 1, 44829490, TGTGCTGCAGAGACGGCTGCCAG, 4, 0.075204036788, False, None
24187944, chr7, 1, 121121578, TGTGCTGCAGGGAAGGCTGCTGG, 4, 0.075204036788, False, None
24187944, chr8, -1, 101640663, TGTGCTGCAGGGAAGGCTGCTGG, 4, 0.075204036788, False, None
24187944, chr18, 1, 36720333, TCAGCCGCGGCGGTGGCCGCGAG, 4, 0.072353162154, False, NM_175375
24187944, chr19, 1, 7037757, GCTGCCTCAGCGATGGCCTCTAG, 4, 0.0705281672535, False, NM_008874
24187944, chr15, 1, 79154395, TCTGCCCCAGAGCTGGCTCCTAG, 4, 0.0694611121578, False, None
24187944, chr11, 1, 3053297, TCTGACCCAGCGAGGGCTGAGGG, 4, 0.06719166175, False, None
24187944, chr5, -1, 143619626, TCTGCCAGAGCGCTGTCTGCTGG, 4, 0.0650452581325, False, None
24187944, chr10, 1, 80330979, TCTGCCCCAGCAGTGGCTTCTGG, 4, 0.0615763372642, False, NM_175195
24187944, chr12, -1, 72728681, TCTGCCTCATCGCTGTCTGCTGG, 4, 0.0599066827401, False, None
24187944, chr7, 1, 71444978, TCTGCTCCAGCAATGGCGGCAGG, 4, 0.0598968218924, False, None
24187944, chr7, -1, 6148715, TCTGCCACAGCCATTGCTGGCAG, 4, 0.0574189977283, False, NM_178028
24187944, chr15, 1, 84797866, TCTGCATCAGCGATGGCGGTGAG, 4, 0.0525397008095, False, None
24187944, chr5, -1, 89150108, TCGGCCGCGGCGTGGGCTGCGGG, 4, 0.0513515065038, False, NM_026735
24187944, chr10, -1, 7631382, TCTGCTGCAGAGTTCGCTGCTGG, 4, 0.0498252679292, False, NM_138667
24187944, chr12, 1, 53227464, TCTGCCTCTGAGAAGGCTGCAAG, 4, 0.0478368875607, False, None
24187944, chr3, 1, 138507347, TCTGCCTCAGAGATGGCAGGGGG, 4, 0.0473701505649, False, None
24187944, chr9, -1, 107532488, TCTGTTGCAGCGAGGGCTCCAGG, 4, 0.044174494405, False, None
24187944, chr11, -1, 8455296, TCTGCTGCAGCCCTTGCTGCCAG, 4, 0.0441694267048, False, None
24187944, chr11, 1, 116827470, TCTGCCCCAGCCATAGCTTCCGG, 4, 0.0426420113354, False, None
24187944, chr5, 1, 140662536, TCTGCCCCAGGGATGGAAGCCAG, 4, 0.0422832458325, False, None
24187944, chr7, 1, 24207601, TCTGTCCCAGCGAGAGCTGCAGG, 4, 0.0396579768367, False, None
24187944, chr2, 1, 118375303, GCTGCGGCAGCGACTGCTGCAGG, 4, 0.0375833793668, False, NM_138313
24187944, chr11, 1, 93325521, TCTGCTGCAGAGATGTCTGTCAG, 4, 0.0374655618914, False, None
24187944, chr1, -1, 75442889, TTTGCAGCAGCGAAAGCTGCTGG, 4, 0.0369381711373, False, None
24187944, chr12, -1, 87205941, TCTGCTGCAGAAAAGGCTGCAAG, 4, 0.0346604407337, False, None
24187944, chr17, 1, 50323945, TCTGCCTCAGCGCTGGCAGGTGG, 4, 0.0330310779615, False, None
24187944, chr7, -1, 119663720, TCTGCCCCAGCGATGGAGGAGAG, 4, 0.0328603747162, False, None
24187944, chr4, 1, 124502304, TCTGCCCCAGCAACGGCTGTGAG, 4, 0.031923248737, False, NM_008636
24187944, chr8, 1, 125414826, TCTGCAGCAGAGATGGCCACTGG, 4, 0.0316966916443, False, NR_037865
24187944, chr1, -1, 80754919, TCTGCCGCCGCGGTGGCCGTCAG, 4, 0.0285681509561, False, NM_175291
24187944, chr4, -1, 34937996, TCTGCCGCGGTGGAGGCTGCTGG, 4, 0.0262869637277, False, None
24187944, chr1, -1, 134776202, TCTGCTGCAGTGAAGGCTTCAGG, 4, 0.0240959543623, False, None
24187944, chr8, -1, 108129604, TCTGCCGCACCGCAGGCTCCAGG, 4, 0.023934421962, False, None
24187944, chr19, 1, 40969170, TCCGCCGCAGCGTGCGCTGCCGG, 4, 0.0229042180424, False, NM_028319
24187944, chr9, -1, 108010372, TCTGCTGCAGCGAGGGTTGGCGG, 4, 0.0225142673151, False, NM_007567
24187944, chr2, 1, 73230993, TCTGCAGCAGTGACAGCTGCTAG, 4, 0.0191833718901, False, None
24187944, chr15, 1, 38741174, TCTGCCACAGGGATGCCAGCTAG, 4, 0.0188901773589, False, None
24187944, chr13, -1, 54253508, TCTGCGGCAGCCACTGCTGCAGG, 4, 0.0170057999458, False, None
24187944, chr11, 1, 67950493, TCTGCCGCAGGGGAGGATGCCAG, 4, 0.01681765007, False, None
24187944, chr7, 1, 4774612, TCTCCCGCAGCGTGGCCTGCAGG, 4, 0.0149084401899, False, None
24187944, chr5, -1, 117936300, TCTGCCTCAGCGGCTGCTGCTGG, 4, 0.01486233626, False, None
24187944, chr19, -1, 3369024, TCTGCGGCAGTGAGGGCGGCAAG, 4, 0.0147399912104, False, NM_013495
24187944, chr11, 1, 108856598, TCTGCCTCAGCAAGGGCAGCTAG, 4, 0.0145066113747, False, None
24187944, chr6, -1, 34691851, TCTGCCGCAGCCTTTCCTGCCGG, 4, 0.0116236333338, False, NM_145575
24187944, chr18, -1, 13021292, TCTGCAGCAGCCAAGACTGCAAG, 4, 0.0110923606469, False, NM_001252492
24187944, chr11, 1, 120109355, TCTGCCACAGCGACAGCGGCAAG, 4, 0.00790197530166, False, None